"id";"passagens";"timestamp"
1;8;2025-10-28 07:46:20.367 -0300
2;9;2025-10-28 07:46:25.670 -0300
3;10;2025-10-28 07:46:27.473 -0300
4;11;2025-10-28 07:46:31.076 -0300
5;12;2025-10-28 07:46:33.478 -0300
6;13;2025-10-28 07:46:37.681 -0300
7;14;2025-10-28 07:46:40.784 -0300
8;15;2025-10-28 07:46:42.885 -0300
9;16;2025-10-28 07:46:44.887 -0300
10;17;2025-10-28 07:46:46.588 -0300
11;18;2025-10-28 07:46:50.191 -0300
12;19;2025-10-28 07:46:52.092 -0300
13;20;2025-10-28 07:46:54.394 -0300
14;21;2025-10-28 07:46:56.196 -0300
15;22;2025-10-28 07:46:57.697 -0300
16;23;2025-10-28 07:46:59.198 -0300
17;24;2025-10-28 07:47:00.499 -0300
18;25;2025-10-28 07:47:01.400 -0300
19;26;2025-10-28 07:47:02.301 -0300
20;27;2025-10-28 07:47:03.402 -0300
21;28;2025-10-28 07:47:04.903 -0300
22;29;2025-10-28 07:47:06.304 -0300
23;30;2025-10-28 07:47:07.605 -0300
24;31;2025-10-28 07:47:11.107 -0300
25;32;2025-10-28 07:47:13.809 -0300
26;33;2025-10-28 07:47:15.110 -0300
27;34;2025-10-28 07:47:16.411 -0300
28;35;2025-10-28 07:47:17.711 -0300
29;36;2025-10-28 07:47:19.112 -0300
30;37;2025-10-28 07:47:20.413 -0300
31;38;2025-10-28 07:47:21.614 -0300
32;39;2025-10-28 07:47:22.815 -0300
33;40;2025-10-28 07:47:24.016 -0300
34;41;2025-10-28 07:47:25.717 -0300
35;42;2025-10-28 08:12:13.278 -0300
36;43;2025-10-28 08:12:16.681 -0300
37;44;2025-10-28 08:12:18.481 -0300
38;45;2025-10-28 08:12:18.918 -0300
39;46;2025-10-28 08:12:23.886 -0300
40;47;2025-10-28 08:12:27.288 -0300
41;48;2025-10-28 08:12:27.724 -0300
42;49;2025-10-28 08:12:33.293 -0300
43;50;2025-10-28 08:12:36.996 -0300
44;51;2025-10-28 08:12:55.310 -0300
45;52;2025-10-28 08:12:57.312 -0300
46;53;2025-10-28 08:13:04.718 -0300
47;54;2025-10-28 08:13:10.722 -0300
48;55;2025-10-28 08:13:16.527 -0300
49;56;2025-10-28 08:13:18.327 -0300
50;57;2025-10-28 08:13:48.251 -0300
51;58;2025-10-28 08:13:50.753 -0300
52;59;2025-10-28 08:13:53.055 -0300
53;60;2025-10-28 08:13:54.955 -0300
54;61;2025-10-28 08:13:57.057 -0300
55;62;2025-10-28 08:13:59.158 -0300
56;63;2025-10-28 08:14:01.360 -0300
57;64;2025-10-28 08:14:05.664 -0300
58;65;2025-10-28 08:14:06.101 -0300
59;66;2025-10-28 08:14:07.565 -0300
60;67;2025-10-28 08:14:18.574 -0300
61;68;2025-10-28 08:14:22.377 -0300
62;69;2025-10-28 08:14:27.281 -0300
63;70;2025-10-28 08:14:39.690 -0300
64;71;2025-10-28 08:15:15.219 -0300
65;72;2025-10-28 08:15:29.730 -0300
66;73;2025-10-28 08:15:32.132 -0300
67;74;2025-10-28 08:15:49.746 -0300
68;75;2025-10-28 08:16:20.769 -0300
69;76;2025-10-28 08:16:22.370 -0300
70;77;2025-10-28 08:17:05.804 -0300
71;78;2025-10-28 08:17:07.605 -0300
72;79;2025-10-28 08:17:09.707 -0300
73;80;2025-10-28 08:20:24.860 -0300
74;81;2025-10-28 08:20:26.862 -0300
75;82;2025-10-28 08:20:28.964 -0300
76;83;2025-10-28 08:20:31.266 -0300
77;84;2025-10-28 08:20:33.668 -0300
78;85;2025-10-28 08:20:38.371 -0300
79;86;2025-10-28 08:20:42.375 -0300
80;87;2025-10-28 08:20:44.576 -0300
81;88;2025-10-28 08:20:46.578 -0300
82;89;2025-10-28 08:20:48.579 -0300
83;90;2025-10-28 08:21:24.908 -0300
84;91;2025-10-28 08:21:27.210 -0300
85;92;2025-10-28 08:21:46.224 -0300
86;93;2025-10-28 08:21:47.626 -0300
87;94;2025-10-28 08:21:55.632 -0300
88;95;2025-10-28 08:21:57.233 -0300
89;96;2025-10-28 08:21:59.133 -0300
90;97;2025-10-28 08:23:36.910 -0300
91;98;2025-10-28 08:24:45.361 -0300
92;99;2025-10-28 08:24:47.263 -0300
93;100;2025-10-28 08:24:49.266 -0300
94;101;2025-10-28 08:24:50.967 -0300
95;102;2025-10-28 08:26:06.626 -0300
96;103;2025-10-28 08:26:08.928 -0300
97;104;2025-10-28 08:26:10.829 -0300
98;105;2025-10-28 08:28:23.634 -0300
99;106;2025-10-28 08:30:23.928 -0300
100;107;2025-10-28 08:30:31.234 -0300
101;108;2025-10-28 08:30:39.741 -0300
102;109;2025-10-28 08:30:42.343 -0300
103;110;2025-10-28 08:35:15.157 -0300
104;111;2025-10-28 08:39:20.746 -0300
105;112;2025-10-28 08:39:22.847 -0300
106;113;2025-10-28 08:44:01.867 -0300
107;114;2025-10-28 08:44:03.368 -0300
108;115;2025-10-28 08:45:18.524 -0300
109;116;2025-10-28 08:45:20.325 -0300
110;117;2025-10-28 08:45:22.227 -0300
111;118;2025-10-28 08:46:56.100 -0300
112;119;2025-10-28 08:46:57.401 -0300
113;120;2025-10-28 08:46:59.603 -0300
114;121;2025-10-28 08:48:08.357 -0300
115;122;2025-10-28 08:48:10.359 -0300
116;123;2025-10-28 08:53:01.785 -0300
117;124;2025-10-28 08:53:09.190 -0300
118;125;2025-10-28 08:53:25.604 -0300
119;126;2025-10-28 08:53:43.617 -0300
120;127;2025-10-28 08:53:48.021 -0300
121;128;2025-10-28 08:54:16.944 -0300
122;129;2025-10-28 08:54:25.751 -0300
123;130;2025-10-28 08:54:37.059 -0300
124;131;2025-10-28 08:54:51.870 -0300
125;132;2025-10-28 08:57:27.893 -0300
126;133;2025-10-28 08:57:30.394 -0300
127;134;2025-10-28 08:57:35.598 -0300
128;135;2025-10-28 08:57:37.799 -0300
129;136;2025-10-28 08:57:57.615 -0300
130;137;2025-10-28 08:57:59.717 -0300
131;138;2025-10-28 08:58:34.644 -0300
132;139;2025-10-28 08:58:36.045 -0300
133;140;2025-10-28 08:58:37.546 -0300
134;141;2025-10-28 08:58:42.351 -0300
135;142;2025-10-28 08:58:43.652 -0300
136;143;2025-10-28 08:58:45.453 -0300
137;144;2025-10-28 08:58:47.054 -0300
138;145;2025-10-28 08:58:53.659 -0300
139;146;2025-10-28 08:58:56.261 -0300
140;147;2025-10-28 08:59:51.705 -0300
141;148;2025-10-28 08:59:53.206 -0300
142;149;2025-10-28 08:59:54.807 -0300
143;150;2025-10-28 09:00:17.625 -0300
144;151;2025-10-28 09:00:19.327 -0300
145;152;2025-10-28 09:00:21.128 -0300
146;153;2025-10-28 09:05:28.068 -0300
147;154;2025-10-28 09:05:29.269 -0300
148;155;2025-10-28 09:05:30.670 -0300
149;156;2025-10-28 09:05:31.971 -0300
150;157;2025-10-28 09:05:33.373 -0300
151;158;2025-10-28 09:05:41.779 -0300
152;159;2025-10-28 09:05:44.481 -0300
153;160;2025-10-28 09:05:45.882 -0300
154;161;2025-10-28 09:05:47.984 -0300
155;162;2025-10-28 09:05:49.585 -0300
156;163;2025-10-28 09:05:51.187 -0300
157;164;2025-10-28 09:05:52.887 -0300
158;165;2025-10-28 09:06:30.416 -0300
159;166;2025-10-28 09:06:32.118 -0300
160;167;2025-10-28 09:06:33.919 -0300
161;168;2025-10-28 09:06:36.221 -0300
162;169;2025-10-28 09:06:38.422 -0300
163;170;2025-10-28 09:06:41.224 -0300
164;171;2025-10-28 09:06:57.637 -0300
165;172;2025-10-28 09:07:00.339 -0300
166;173;2025-10-28 09:07:31.263 -0300
167;174;2025-10-28 09:07:33.065 -0300
168;175;2025-10-28 09:07:34.866 -0300
169;176;2025-10-28 09:08:29.409 -0300
170;177;2025-10-28 09:08:31.210 -0300
171;178;2025-10-28 09:08:42.919 -0300
172;179;2025-10-28 09:09:03.935 -0300
173;180;2025-10-28 09:09:11.341 -0300
174;181;2025-10-28 09:09:26.053 -0300
175;182;2025-10-28 09:09:40.663 -0300
176;183;2025-10-28 09:09:42.365 -0300
177;184;2025-10-28 09:10:16.391 -0300
178;185;2025-10-28 09:10:20.094 -0300
179;186;2025-10-28 09:10:46.715 -0300
180;187;2025-10-28 09:10:58.924 -0300
181;188;2025-10-28 09:11:25.345 -0300
182;189;2025-10-28 09:11:41.959 -0300
183;190;2025-10-28 09:11:45.662 -0300
184;191;2025-10-28 09:12:16.486 -0300
185;192;2025-10-28 09:14:09.274 -0300
186;193;2025-10-28 09:14:12.577 -0300
187;194;2025-10-28 09:14:29.690 -0300
188;195;2025-10-28 09:14:49.105 -0300
189;196;2025-10-28 09:16:50.001 -0300
190;197;2025-10-28 09:16:51.102 -0300
191;198;2025-10-28 09:16:52.503 -0300
192;199;2025-10-28 09:16:58.808 -0300
193;200;2025-10-28 09:17:00.808 -0300
194;201;2025-10-28 09:17:08.714 -0300
195;202;2025-10-28 09:23:44.921 -0300
196;203;2025-10-28 09:23:47.323 -0300
197;204;2025-10-28 09:23:48.824 -0300
198;205;2025-10-28 09:23:57.429 -0300
199;206;2025-10-28 09:23:59.231 -0300
200;207;2025-10-28 09:24:01.333 -0300
201;208;2025-10-28 09:24:01.768 -0300
202;209;2025-10-28 09:24:34.759 -0300
203;210;2025-10-28 09:25:39.910 -0300
204;211;2025-10-28 09:25:42.611 -0300
205;212;2025-10-28 09:25:43.812 -0300
206;213;2025-10-28 09:26:16.537 -0300
207;214;2025-10-28 09:26:18.539 -0300
208;215;2025-10-28 09:26:19.940 -0300
209;216;2025-10-28 09:26:43.057 -0300
210;217;2025-10-28 09:26:55.367 -0300
211;218;2025-10-28 09:27:21.788 -0300
212;219;2025-10-28 09:28:16.627 -0300
213;220;2025-10-28 09:28:35.643 -0300
214;221;2025-10-28 09:28:55.859 -0300
215;222;2025-10-28 09:30:10.327 -0300
216;223;2025-10-28 09:32:48.635 -0300
217;224;2025-10-28 09:32:49.836 -0300
218;225;2025-10-28 09:32:51.237 -0300
219;226;2025-10-28 09:33:04.247 -0300
220;227;2025-10-28 09:33:06.649 -0300
221;228;2025-10-28 09:33:08.250 -0300
222;229;2025-10-28 09:33:11.753 -0300
223;230;2025-10-28 09:34:17.805 -0300
224;231;2025-10-28 09:34:19.706 -0300
225;232;2025-10-28 09:34:37.821 -0300
226;233;2025-10-28 09:36:48.120 -0300
227;234;2025-10-28 09:37:20.646 -0300
228;235;2025-10-28 09:38:00.277 -0300
229;236;2025-10-28 09:38:00.722 -0300
230;237;2025-10-28 09:39:33.851 -0300
231;238;2025-10-28 09:40:01.473 -0300
232;239;2025-10-28 09:40:49.707 -0300
233;240;2025-10-28 09:40:50.137 -0300
234;241;2025-10-28 09:40:53.210 -0300
235;242;2025-10-28 09:42:38.092 -0300
236;243;2025-10-28 09:43:17.923 -0300
237;244;2025-10-28 09:44:09.561 -0300
238;245;2025-10-28 09:46:17.362 -0300
239;246;2025-10-28 09:46:35.876 -0300
240;247;2025-10-28 09:48:25.259 -0300
241;248;2025-10-28 09:49:09.094 -0300
242;249;2025-10-28 09:49:54.730 -0300
243;250;2025-10-28 09:50:24.750 -0300
244;251;2025-10-28 09:50:26.051 -0300
245;252;2025-10-28 09:50:28.453 -0300
246;253;2025-10-28 09:52:07.028 -0300
247;254;2025-10-28 09:52:58.669 -0300
248;255;2025-10-28 09:53:57.914 -0300
249;256;2025-10-28 09:55:47.699 -0300
250;257;2025-10-28 09:56:55.353 -0300
251;258;2025-10-28 09:57:50.896 -0300
252;259;2025-10-28 09:57:59.102 -0300
253;260;2025-10-28 09:58:13.013 -0300
254;261;2025-10-28 09:58:41.448 -0300
255;262;2025-10-28 10:03:47.775 -0300
256;263;2025-10-28 10:07:28.844 -0300
257;264;2025-10-28 10:07:30.545 -0300
258;265;2025-10-28 10:10:18.174 -0300
259;266;2025-10-28 10:10:57.104 -0300
260;267;2025-10-28 10:16:53.279 -0300
261;268;2025-10-28 10:16:55.180 -0300
262;269;2025-10-28 10:17:00.685 -0300
263;270;2025-10-28 10:21:59.519 -0300
264;271;2025-10-28 10:23:38.898 -0300
265;272;2025-10-28 10:23:41.199 -0300
266;273;2025-10-28 10:28:15.014 -0300
267;274;2025-10-28 10:35:03.435 -0300
268;275;2025-10-28 10:35:08.539 -0300
269;276;2025-10-28 10:35:13.741 -0300
270;277;2025-10-28 10:37:07.931 -0300
271;278;2025-10-28 10:37:12.090 -0300
272;279;2025-10-28 10:41:57.152 -0300
273;280;2025-10-28 10:41:58.953 -0300
274;281;2025-10-28 10:47:39.943 -0300
275;282;2025-10-28 10:47:40.423 -0300
276;283;2025-10-28 10:47:52.930 -0300
277;284;2025-10-28 10:52:19.936 -0300
278;285;2025-10-28 10:53:07.273 -0300
279;286;2025-10-28 10:53:15.080 -0300
280;287;2025-10-28 10:53:16.481 -0300
281;288;2025-10-28 10:53:24.187 -0300
282;289;2025-10-28 10:53:27.890 -0300
283;290;2025-10-28 10:53:29.491 -0300
284;291;2025-10-28 10:53:32.193 -0300
285;292;2025-10-28 10:53:48.106 -0300
286;293;2025-10-28 10:53:50.207 -0300
287;294;2025-10-28 10:53:50.674 -0300
288;295;2025-10-28 10:54:18.530 -0300
289;296;2025-10-28 10:54:41.548 -0300
290;297;2025-10-28 10:54:42.015 -0300
291;298;2025-10-28 10:54:42.949 -0300
292;299;2025-10-28 10:54:48.053 -0300
293;300;2025-10-28 10:57:07.761 -0300
294;301;2025-10-28 11:04:12.395 -0300
295;302;2025-10-28 11:12:17.073 -0300
296;303;2025-10-28 11:12:19.175 -0300
297;304;2025-10-28 11:12:21.175 -0300
298;305;2025-10-28 11:16:30.271 -0300
299;306;2025-10-28 11:16:32.172 -0300
300;307;2025-10-28 11:17:50.634 -0300
301;308;2025-10-28 11:21:40.210 -0300
302;309;2025-10-28 11:21:41.611 -0300
303;310;2025-10-28 11:24:52.962 -0300
304;311;2025-10-28 11:24:54.863 -0300
305;312;2025-10-28 11:26:11.824 -0300
306;313;2025-10-28 11:29:53.990 -0300
307;314;2025-10-28 11:36:08.183 -0300
308;315;2025-10-28 11:36:53.919 -0300
309;316;2025-10-28 11:41:20.629 -0300
310;317;2025-10-28 11:41:35.741 -0300
311;318;2025-10-28 11:43:11.515 -0300
312;319;2025-10-28 11:45:04.604 -0300
313;320;2025-10-28 11:45:07.006 -0300
314;321;2025-10-28 11:56:21.834 -0300
315;322;2025-10-28 12:02:25.675 -0300
316;323;2025-10-28 12:02:27.120 -0300
317;324;2025-10-28 12:02:27.576 -0300
318;325;2025-10-28 12:02:28.921 -0300
319;326;2025-10-28 12:07:22.520 -0300
320;327;2025-10-28 12:07:24.553 -0300
321;328;2025-10-28 12:07:26.255 -0300
322;329;2025-10-28 12:08:55.625 -0300
323;330;2025-10-28 12:21:30.813 -0300
324;331;2025-10-28 12:21:32.214 -0300
325;332;2025-10-28 12:34:21.411 -0300
326;333;2025-10-28 12:44:54.908 -0300
327;334;2025-10-28 12:44:55.366 -0300
328;335;2025-10-28 12:44:56.709 -0300
329;336;2025-10-28 12:49:25.420 -0300
330;337;2025-10-28 12:49:27.221 -0300
331;338;2025-10-28 12:52:38.871 -0300
332;339;2025-10-28 12:54:13.646 -0300
333;340;2025-10-28 12:57:16.186 -0300
334;341;2025-10-28 12:58:38.952 -0300
335;342;2025-10-28 13:00:35.040 -0300
336;343;2025-10-28 13:03:14.366 -0300
337;344;2025-10-28 13:03:14.829 -0300
338;345;2025-10-28 13:03:30.076 -0300
339;346;2025-10-28 13:06:29.614 -0300
340;347;2025-10-28 13:06:34.718 -0300
341;348;2025-10-28 13:06:36.118 -0300
342;349;2025-10-28 13:06:36.580 -0300
343;350;2025-10-28 13:06:37.819 -0300
344;351;2025-10-28 13:06:41.122 -0300
345;352;2025-10-28 13:09:39.462 -0300
346;353;2025-10-28 13:09:50.671 -0300
347;354;2025-10-28 13:11:24.441 -0300
348;355;2025-10-28 13:13:12.527 -0300
349;356;2025-10-28 13:13:13.828 -0300
350;357;2025-10-28 13:26:07.228 -0300
351;358;2025-10-28 13:26:11.031 -0300
352;359;2025-10-28 13:28:15.329 -0300
353;360;2025-10-28 13:28:18.430 -0300
354;361;2025-10-28 13:28:21.833 -0300
355;362;2025-10-28 13:34:50.734 -0300
356;363;2025-10-28 13:35:53.983 -0300
357;364;2025-10-28 13:35:56.685 -0300
358;365;2025-10-28 13:40:36.897 -0300
359;366;2025-10-28 13:40:39.099 -0300
360;367;2025-10-28 13:42:56.407 -0300
361;368;2025-10-28 13:43:01.209 -0300
362;369;2025-10-28 13:43:02.710 -0300
363;370;2025-10-28 13:43:03.161 -0300
364;371;2025-10-28 13:54:56.864 -0300
365;372;2025-10-28 13:55:39.798 -0300
366;373;2025-10-28 13:55:41.099 -0300
367;374;2025-10-28 14:01:15.161 -0300
368;375;2025-10-28 14:01:15.862 -0300
369;376;2025-10-28 14:01:42.082 -0300
370;377;2025-10-28 14:04:15.102 -0300
371;378;2025-10-28 14:04:35.917 -0300
372;379;2025-10-28 14:04:37.383 -0300
373;380;2025-10-28 14:05:09.743 -0300
374;381;2025-10-28 14:06:55.524 -0300
375;382;2025-10-28 14:07:04.731 -0300
376;383;2025-10-28 14:07:05.228 -0300
377;384;2025-10-28 14:08:52.416 -0300
378;385;2025-10-28 14:11:43.150 -0300
379;386;2025-10-28 14:11:44.352 -0300
380;387;2025-10-28 14:16:32.475 -0300
381;388;2025-10-28 14:16:32.975 -0300
382;389;2025-10-28 14:16:42.283 -0300
383;390;2025-10-28 14:16:57.095 -0300
384;391;2025-10-28 14:16:58.396 -0300
385;392;2025-10-28 14:21:29.408 -0300
386;393;2025-10-28 14:21:30.109 -0300
387;394;2025-10-28 14:22:43.065 -0300
388;395;2025-10-28 14:22:43.966 -0300
389;396;2025-10-28 14:22:44.767 -0300
390;397;2025-10-28 14:23:24.098 -0300
391;398;2025-10-28 14:23:24.899 -0300
392;399;2025-10-28 14:23:25.365 -0300
393;400;2025-10-28 14:23:25.830 -0300
394;401;2025-10-28 14:23:27.701 -0300
395;402;2025-10-28 14:23:28.602 -0300
396;403;2025-10-28 14:23:29.402 -0300
397;404;2025-10-28 14:23:30.603 -0300
398;405;2025-10-28 14:23:31.071 -0300
399;406;2025-10-28 14:23:32.605 -0300
400;407;2025-10-28 14:23:33.606 -0300
401;408;2025-10-28 14:23:44.214 -0300
402;409;2025-10-28 14:23:50.218 -0300
403;410;2025-10-28 14:23:57.725 -0300
404;411;2025-10-28 14:23:58.192 -0300
405;412;2025-10-28 14:24:03.729 -0300
406;413;2025-10-28 14:24:06.331 -0300
407;414;2025-10-28 14:24:06.799 -0300
408;415;2025-10-28 14:24:08.933 -0300
409;416;2025-10-28 14:24:12.336 -0300
410;417;2025-10-28 14:24:12.799 -0300
411;418;2025-10-28 14:24:13.261 -0300
412;419;2025-10-28 14:24:22.644 -0300
413;420;2025-10-28 14:25:07.077 -0300
414;421;2025-10-28 14:25:10.680 -0300
415;422;2025-10-28 14:31:02.654 -0300
416;423;2025-10-28 14:31:12.161 -0300
417;424;2025-10-28 14:31:22.569 -0300
418;425;2025-10-28 14:31:25.572 -0300
419;426;2025-10-28 14:31:28.674 -0300
420;427;2025-10-28 14:31:32.978 -0300
421;428;2025-10-28 14:31:38.282 -0300
422;429;2025-10-28 14:37:31.355 -0300
423;430;2025-10-28 14:37:33.157 -0300
424;431;2025-10-28 14:37:57.275 -0300
425;432;2025-10-28 14:42:03.164 -0300
426;433;2025-10-28 14:42:05.266 -0300
427;434;2025-10-28 15:03:26.563 -0300
428;435;2025-10-28 15:03:27.764 -0300
429;436;2025-10-28 15:03:33.969 -0300
430;437;2025-10-28 15:03:34.969 -0300
431;438;2025-10-28 15:03:35.970 -0300
432;439;2025-10-28 15:03:36.970 -0300
433;440;2025-10-28 15:03:37.871 -0300
434;441;2025-10-28 15:10:39.603 -0300
435;442;2025-10-28 15:10:40.103 -0300
436;443;2025-10-28 15:10:40.581 -0300
437;444;2025-10-28 15:10:41.061 -0300
438;445;2025-10-28 15:10:43.706 -0300
439;446;2025-10-28 15:10:44.306 -0300
440;447;2025-10-28 15:10:45.007 -0300
441;448;2025-10-28 15:10:45.607 -0300
442;449;2025-10-28 15:10:47.910 -0300
443;450;2025-10-28 15:10:48.387 -0300
444;451;2025-10-28 15:35:29.754 -0300
445;452;2025-10-28 15:35:31.756 -0300
446;453;2025-10-28 15:35:32.357 -0300
447;454;2025-10-28 15:35:33.457 -0300
448;455;2025-10-28 15:35:34.958 -0300
449;456;2025-10-28 15:35:36.259 -0300
450;457;2025-10-28 15:38:23.689 -0300
451;458;2025-10-28 15:38:31.395 -0300
452;459;2025-10-28 15:38:32.896 -0300
453;460;2025-10-28 15:38:34.498 -0300
454;461;2025-10-28 15:38:35.799 -0300
455;462;2025-10-28 15:38:37.300 -0300
456;463;2025-10-28 15:38:38.701 -0300
457;464;2025-10-28 15:38:41.904 -0300
458;465;2025-10-28 15:38:54.713 -0300
459;466;2025-10-28 15:38:58.316 -0300
460;467;2025-10-28 15:42:06.991 -0300
461;468;2025-10-28 15:45:24.144 -0300
462;469;2025-10-28 15:45:25.245 -0300
463;470;2025-10-28 15:45:26.246 -0300
464;471;2025-10-28 15:47:50.656 -0300
465;472;2025-10-28 16:57:59.535 -0300
466;473;2025-10-28 16:58:00.736 -0300
467;474;2025-10-28 16:58:04.839 -0300
468;475;2025-10-28 16:58:06.741 -0300
469;476;2025-10-28 16:58:08.842 -0300
470;477;2025-10-28 16:58:10.043 -0300
471;478;2025-10-28 16:58:11.144 -0300
472;479;2025-10-28 16:58:12.045 -0300
473;480;2025-10-28 16:58:12.845 -0300
474;481;2025-10-28 16:58:13.745 -0300
475;482;2025-10-28 16:58:14.946 -0300
476;483;2025-10-28 16:58:16.247 -0300
477;484;2025-10-28 16:58:20.050 -0300
478;485;2025-10-28 16:58:24.854 -0300
479;486;2025-10-28 16:58:26.355 -0300
480;487;2025-10-28 17:35:52.511 -0300
481;488;2025-10-28 17:35:53.712 -0300
482;489;2025-10-28 17:35:54.913 -0300
483;490;2025-10-28 17:35:56.114 -0300
484;491;2025-10-28 17:35:57.115 -0300
485;492;2025-10-28 17:37:07.167 -0300
486;493;2025-10-28 17:39:10.864 -0300
487;494;2025-10-28 17:39:11.347 -0300
488;495;2025-10-28 17:39:13.066 -0300
489;496;2025-10-28 17:39:13.548 -0300
490;497;2025-10-28 17:39:32.782 -0300
491;498;2025-10-28 18:00:31.186 -0300
492;499;2025-10-28 18:00:36.520 -0300
493;500;2025-10-28 18:00:36.988 -0300
494;501;2025-10-28 18:00:37.471 -0300
495;502;2025-10-28 18:00:37.947 -0300
496;503;2025-10-28 18:00:40.750 -0300
497;504;2025-10-28 18:00:42.852 -0300
498;505;2025-10-28 18:00:44.453 -0300
499;506;2025-10-28 18:00:48.156 -0300
500;507;2025-10-28 18:00:50.558 -0300
501;1;2025-10-29 15:11:15.086 -0300
502;2;2025-10-29 15:11:18.788 -0300
503;3;2025-10-29 15:11:20.589 -0300
504;4;2025-10-29 15:11:24.790 -0300
505;5;2025-10-29 15:11:51.413 -0300
506;6;2025-10-29 15:11:52.912 -0300
507;7;2025-10-29 15:22:00.285 -0300
508;8;2025-10-29 15:22:05.897 -0300
509;9;2025-10-29 15:22:13.491 -0300
510;10;2025-10-29 15:22:18.596 -0300
511;11;2025-10-29 15:22:21.097 -0300
512;12;2025-10-29 15:22:21.574 -0300
513;13;2025-10-29 15:22:23.501 -0300
514;14;2025-10-29 15:22:39.511 -0300
515;15;2025-10-29 15:32:16.054 -0300
516;16;2025-10-29 15:33:07.799 -0300
517;17;2025-10-29 15:34:17.854 -0300
518;18;2025-10-29 15:34:19.452 -0300
519;19;2025-10-29 15:34:21.254 -0300
520;20;2025-10-29 15:56:11.971 -0300
521;21;2025-10-29 15:56:13.170 -0300
522;22;2025-10-29 16:02:16.053 -0300
523;23;2025-10-29 16:02:18.455 -0300
524;24;2025-10-29 16:05:28.903 -0300
525;25;2025-10-29 16:05:30.303 -0300
526;26;2025-10-29 16:14:54.431 -0300
527;27;2025-10-29 16:14:56.531 -0300
528;28;2025-10-29 16:20:47.103 -0300
529;29;2025-10-29 16:27:13.594 -0300
530;30;2025-10-29 16:39:00.947 -0300
531;31;2025-10-29 16:39:02.447 -0300
532;32;2025-10-29 16:39:04.148 -0300
533;33;2025-10-29 16:39:05.948 -0300
534;34;2025-10-29 16:39:07.550 -0300
535;35;2025-10-29 16:39:09.151 -0300
536;36;2025-10-29 16:39:10.952 -0300
537;37;2025-10-29 16:52:55.984 -0300
538;38;2025-10-29 17:44:51.779 -0300
539;39;2025-10-29 17:44:52.978 -0300
540;40;2025-10-29 17:45:00.284 -0300
541;41;2025-10-29 17:45:01.888 -0300
542;42;2025-10-29 17:45:13.396 -0300
543;43;2025-10-29 17:47:19.895 -0300
544;44;2025-10-29 17:54:55.446 -0300
545;45;2025-10-29 17:54:59.049 -0300
546;46;2025-10-29 17:57:12.251 -0300
547;47;2025-10-29 17:58:03.292 -0300
548;48;2025-10-29 17:58:05.794 -0300
549;49;2025-10-29 17:58:09.397 -0300
550;50;2025-10-29 17:58:10.497 -0300
551;51;2025-10-29 17:58:18.103 -0300
552;52;2025-10-29 17:58:20.504 -0300
553;53;2025-10-29 17:58:26.208 -0300
554;54;2025-10-29 17:58:26.697 -0300
555;55;2025-10-29 17:58:31.113 -0300
556;56;2025-10-29 17:58:32.113 -0300
557;57;2025-10-29 17:58:40.322 -0300
558;58;2025-10-29 17:58:40.808 -0300
559;59;2025-10-29 17:58:41.297 -0300
560;60;2025-10-29 17:58:41.786 -0300
561;61;2025-10-29 17:58:42.271 -0300
562;62;2025-10-29 17:58:42.763 -0300
563;63;2025-10-29 17:59:34.056 -0300
564;64;2025-10-29 17:59:34.544 -0300
565;65;2025-10-29 17:59:35.033 -0300
566;66;2025-10-29 17:59:35.522 -0300
567;67;2025-10-29 17:59:36.011 -0300
568;68;2025-10-29 17:59:36.498 -0300
569;69;2025-10-29 17:59:36.986 -0300
570;70;2025-10-29 17:59:38.262 -0300
571;71;2025-10-29 17:59:38.757 -0300
572;72;2025-10-29 17:59:39.245 -0300
573;73;2025-10-29 17:59:40.064 -0300
574;74;2025-10-29 17:59:44.067 -0300
575;75;2025-10-29 17:59:47.070 -0300
576;76;2025-10-29 18:00:03.980 -0300
577;77;2025-10-29 18:01:34.950 -0300
578;78;2025-10-29 18:08:55.091 -0300
579;79;2025-10-29 18:08:59.193 -0300
580;80;2025-10-29 18:13:20.398 -0300
581;81;2025-10-29 18:13:22.099 -0300
582;82;2025-10-29 18:13:25.101 -0300
583;83;2025-10-29 18:13:27.004 -0300
584;84;2025-10-29 18:14:02.128 -0300
585;85;2025-10-29 18:14:04.431 -0300
586;86;2025-10-29 18:14:25.547 -0300
587;87;2025-10-29 18:56:20.893 -0300
588;88;2025-10-29 18:56:22.895 -0300
589;89;2025-10-29 18:56:25.196 -0300
590;90;2025-10-29 18:56:52.317 -0300
591;91;2025-10-29 19:03:02.102 -0300
592;92;2025-10-29 19:03:03.202 -0300
593;93;2025-10-29 19:03:04.503 -0300
594;94;2025-10-29 19:03:08.507 -0300
595;95;2025-10-29 19:05:09.897 -0300
596;96;2025-10-29 19:05:11.098 -0300
597;97;2025-10-29 19:05:12.899 -0300
598;98;2025-10-29 19:09:26.897 -0300
599;99;2025-10-29 19:09:27.899 -0300
600;100;2025-10-29 19:13:24.082 -0300
601;101;2025-10-29 19:15:55.301 -0300
602;102;2025-10-29 19:20:42.518 -0300
603;103;2025-10-29 19:20:44.119 -0300
604;104;2025-10-29 19:20:48.925 -0300
605;105;2025-10-29 19:23:01.927 -0300
606;106;2025-10-29 19:26:30.291 -0300
607;107;2025-10-29 19:35:15.199 -0300
608;108;2025-10-29 19:35:16.999 -0300
609;109;2025-10-29 19:38:00.627 -0300
610;110;2025-10-29 19:40:55.858 -0300
611;111;2025-10-29 19:46:03.195 -0300
612;112;2025-10-29 19:46:13.900 -0300
613;113;2025-10-29 19:46:34.217 -0300
614;114;2025-10-29 19:46:54.735 -0300
615;115;2025-10-29 19:46:56.735 -0300
616;116;2025-10-29 19:46:58.937 -0300
617;117;2025-10-29 19:47:00.840 -0300
618;118;2025-10-29 19:53:40.147 -0300
619;119;2025-10-29 19:53:40.636 -0300
620;120;2025-10-29 19:54:02.165 -0300
621;121;2025-10-29 19:54:03.163 -0300
622;122;2025-10-29 19:54:03.665 -0300
623;123;2025-10-29 20:04:58.580 -0300
624;124;2025-10-29 20:06:14.731 -0300
625;125;2025-10-29 20:06:22.739 -0300
626;126;2025-10-29 20:06:25.642 -0300
627;127;2025-10-29 20:06:29.943 -0300
628;128;2025-10-29 20:08:29.037 -0300
629;129;2025-10-29 20:09:30.183 -0300
630;130;2025-10-29 20:09:31.285 -0300
631;131;2025-10-29 20:12:54.342 -0300
632;132;2025-10-29 20:13:13.057 -0300
633;133;2025-10-29 20:46:33.103 -0300
634;134;2025-10-29 20:47:31.648 -0300
635;135;2025-10-29 20:47:40.055 -0300
636;136;2025-10-29 20:47:41.657 -0300
637;137;2025-10-29 20:49:00.017 -0300
638;138;2025-10-29 20:49:00.619 -0300
639;139;2025-10-29 20:49:21.934 -0300
640;140;2025-10-29 20:51:54.454 -0300
641;141;2025-10-29 20:54:09.755 -0300
642;142;2025-10-29 21:23:07.597 -0300
643;143;2025-10-29 21:28:18.030 -0300
644;144;2025-10-29 21:28:19.132 -0300
645;145;2025-10-29 21:28:20.532 -0300
646;146;2025-10-29 21:28:23.134 -0300
647;147;2025-10-29 21:43:15.427 -0300
648;148;2025-10-29 21:43:19.326 -0300
649;149;2025-10-29 21:43:20.329 -0300
650;150;2025-10-29 21:43:26.333 -0300
651;151;2025-10-29 21:43:30.637 -0300
652;152;2025-10-29 21:43:31.836 -0300
653;153;2025-10-29 21:43:32.939 -0300
654;2;2025-10-30 10:02:19.290 -0300
655;3;2025-10-30 10:03:36.349 -0300
656;4;2025-10-30 10:03:38.552 -0300
657;5;2025-10-30 10:03:40.452 -0300
658;6;2025-10-30 10:03:42.454 -0300
659;7;2025-10-30 10:03:51.561 -0300
660;8;2025-10-30 10:03:53.063 -0300
661;9;2025-10-30 10:03:56.481 -0300
662;10;2025-10-30 10:26:30.511 -0300
663;11;2025-10-30 10:26:31.511 -0300
664;12;2025-10-30 10:43:09.098 -0300
665;13;2025-10-30 11:03:24.224 -0300
666;14;2025-10-30 11:03:25.922 -0300
667;15;2025-10-30 11:03:30.028 -0300
668;16;2025-10-30 12:05:40.411 -0300
669;17;2025-10-30 12:05:42.712 -0300
670;18;2025-10-30 12:05:45.013 -0300
671;19;2025-10-30 12:23:18.925 -0300
672;20;2025-10-30 12:23:19.923 -0300
673;21;2025-10-30 12:23:21.224 -0300
674;22;2025-10-30 13:39:40.448 -0300
675;23;2025-10-30 13:39:41.448 -0300
676;24;2025-10-30 13:39:42.549 -0300
677;25;2025-10-30 13:57:37.981 -0300
678;26;2025-10-30 13:57:38.470 -0300
679;27;2025-10-30 13:57:39.685 -0300
680;28;2025-10-30 13:57:41.085 -0300
681;29;2025-10-30 14:02:11.595 -0300
682;30;2025-10-30 14:02:16.200 -0300
683;31;2025-10-30 14:23:25.179 -0300
684;32;2025-10-30 14:23:30.881 -0300
685;33;2025-10-30 14:23:31.682 -0300
686;34;2025-10-30 14:23:32.681 -0300
687;35;2025-10-30 14:33:04.919 -0300
688;36;2025-10-30 14:33:05.720 -0300
689;37;2025-10-30 14:59:47.157 -0300
690;38;2025-10-30 14:59:48.958 -0300
691;39;2025-10-30 14:59:50.460 -0300
692;40;2025-10-30 14:59:52.461 -0300
693;41;2025-10-30 14:59:54.361 -0300
694;42;2025-10-30 14:59:56.466 -0300
695;43;2025-10-30 15:12:57.659 -0300
696;44;2025-10-30 15:12:59.159 -0300
697;45;2025-10-30 15:13:01.463 -0300
698;46;2025-10-30 15:43:52.692 -0300
699;47;2025-10-30 15:43:54.193 -0300
700;48;2025-10-30 15:50:01.678 -0300
701;49;2025-10-30 15:50:04.082 -0300
702;50;2025-10-30 15:50:06.482 -0300
703;51;2025-10-30 16:04:05.626 -0300
704;52;2025-10-30 16:04:06.727 -0300
705;53;2025-10-30 16:04:08.028 -0300
706;54;2025-10-30 16:18:08.874 -0300
707;55;2025-10-30 16:18:09.675 -0300
708;56;2025-10-30 16:35:28.375 -0300
709;57;2025-10-30 16:35:29.675 -0300
710;58;2025-10-30 16:35:30.674 -0300
711;59;2025-10-30 16:46:10.664 -0300
712;60;2025-10-30 16:46:12.167 -0300
713;61;2025-10-30 16:46:13.567 -0300
714;62;2025-10-30 16:50:56.387 -0300
715;63;2025-10-30 16:53:06.088 -0300
716;64;2025-10-30 16:54:35.657 -0300
717;65;2025-10-30 16:55:27.795 -0300
718;66;2025-10-30 16:55:28.997 -0300
719;67;2025-10-30 17:11:08.118 -0300
720;68;2025-10-30 17:11:08.598 -0300
721;69;2025-10-30 17:11:12.721 -0300
722;70;2025-10-30 17:11:13.722 -0300
723;71;2025-10-30 17:11:14.823 -0300
724;72;2025-10-30 17:18:36.362 -0300
725;73;2025-10-30 17:18:40.446 -0300
726;74;2025-10-30 17:19:20.958 -0300
727;75;2025-10-30 17:19:26.213 -0300
728;76;2025-10-30 17:19:28.218 -0300
729;77;2025-10-30 17:20:19.003 -0300
730;78;2025-10-30 17:20:19.770 -0300
731;79;2025-10-30 17:20:22.545 -0300
732;80;2025-10-30 17:20:23.701 -0300
733;81;2025-10-30 17:20:27.311 -0300
735;2;2025-11-04 15:40:20.437 -0300
736;3;2025-11-04 15:40:23.340 -0300
737;4;2025-11-04 15:40:39.253 -0300
738;5;2025-11-04 15:40:43.254 -0300
739;6;2025-11-04 15:42:36.942 -0300
740;7;2025-11-04 15:42:37.642 -0300
741;8;2025-11-04 15:42:49.552 -0300
742;9;2025-11-04 15:43:51.898 -0300
743;10;2025-11-04 15:43:52.346 -0300
744;11;2025-11-04 15:44:00.307 -0300
745;12;2025-11-04 15:44:06.412 -0300
746;13;2025-11-04 15:44:39.535 -0300
747;14;2025-11-04 15:44:40.738 -0300
748;15;2025-11-04 15:44:49.845 -0300
749;16;2025-11-04 15:44:52.447 -0300
750;17;2025-11-04 15:44:53.147 -0300
751;18;2025-11-04 15:46:54.042 -0300
752;19;2025-11-04 15:47:25.167 -0300
753;20;2025-11-04 16:07:14.686 -0300
754;21;2025-11-04 16:07:17.387 -0300
755;22;2025-11-04 16:07:49.011 -0300
756;23;2025-11-04 16:10:39.444 -0300
757;24;2025-11-04 16:33:33.507 -0300
758;25;2025-11-04 16:33:38.009 -0300
759;26;2025-11-04 16:33:39.310 -0300
760;27;2025-11-04 16:35:02.975 -0300
761;28;2025-11-04 16:40:30.230 -0300
762;29;2025-11-04 16:40:32.532 -0300
763;30;2025-11-04 16:43:27.767 -0300
764;31;2025-11-04 16:49:03.727 -0300
765;32;2025-11-04 16:57:15.909 -0300
766;33;2025-11-04 16:58:56.884 -0300
767;34;2025-11-04 17:01:53.923 -0300
768;35;2025-11-04 17:09:02.455 -0300
769;36;2025-11-04 17:09:29.677 -0300
770;37;2025-11-04 17:09:30.147 -0300
771;38;2025-11-04 17:09:31.680 -0300
772;39;2025-11-04 17:09:35.881 -0300
773;40;2025-11-04 17:09:37.084 -0300
774;41;2025-11-04 17:09:38.583 -0300
775;42;2025-11-04 17:09:39.986 -0300
776;43;2025-11-04 17:09:40.451 -0300
777;44;2025-11-04 17:09:40.918 -0300
778;45;2025-11-04 17:09:42.388 -0300
779;46;2025-11-04 17:09:42.857 -0300
780;47;2025-11-04 17:09:43.323 -0300
781;48;2025-11-04 17:09:43.793 -0300
782;49;2025-11-04 17:10:00.500 -0300
783;50;2025-11-04 17:10:15.011 -0300
784;51;2025-11-04 17:13:11.371 -0300
785;52;2025-11-04 17:13:11.841 -0300
786;53;2025-11-04 17:13:13.051 -0300
787;54;2025-11-04 17:13:13.518 -0300
788;55;2025-11-04 17:13:13.986 -0300
789;56;2025-11-04 17:13:14.454 -0300
790;57;2025-11-04 17:13:15.353 -0300
791;58;2025-11-04 17:13:15.827 -0300
792;59;2025-11-04 17:13:18.454 -0300
793;60;2025-11-04 17:13:21.958 -0300
794;61;2025-11-04 17:13:22.428 -0300
795;62;2025-11-04 17:13:22.897 -0300
796;63;2025-11-04 17:13:24.358 -0300
797;64;2025-11-04 17:13:24.827 -0300
798;65;2025-11-04 17:13:25.563 -0300
799;66;2025-11-04 17:13:37.168 -0300
800;67;2025-11-04 17:13:37.640 -0300
801;68;2025-11-04 17:13:38.108 -0300
802;69;2025-11-04 17:13:39.270 -0300
803;70;2025-11-04 17:13:43.276 -0300
804;71;2025-11-04 17:13:43.973 -0300
805;72;2025-11-04 17:13:52.382 -0300
806;73;2025-11-04 17:13:53.182 -0300
807;74;2025-11-04 17:13:53.654 -0300
808;75;2025-11-04 17:13:54.128 -0300
809;76;2025-11-04 17:13:54.983 -0300
810;77;2025-11-04 17:13:55.783 -0300
811;78;2025-11-04 17:13:56.987 -0300
812;79;2025-11-04 17:13:57.484 -0300
813;80;2025-11-04 17:13:58.786 -0300
814;81;2025-11-04 17:13:59.256 -0300
815;82;2025-11-04 17:13:59.725 -0300
816;83;2025-11-04 17:14:02.789 -0300
817;84;2025-11-04 17:14:03.891 -0300
818;85;2025-11-04 17:14:04.361 -0300
819;86;2025-11-04 17:14:04.830 -0300
820;87;2025-11-04 17:14:05.300 -0300
821;88;2025-11-04 17:14:05.769 -0300
822;89;2025-11-04 17:37:36.277 -0300
823;90;2025-11-04 17:37:49.985 -0300
824;91;2025-11-04 17:37:59.594 -0300
825;92;2025-11-04 17:38:03.095 -0300
826;93;2025-11-04 17:39:11.148 -0300
827;94;2025-11-04 17:41:54.771 -0300
828;95;2025-11-04 17:47:25.528 -0300
829;96;2025-11-04 17:47:25.994 -0300
830;97;2025-11-04 17:53:36.017 -0300
831;98;2025-11-04 17:53:38.820 -0300
832;99;2025-11-04 17:53:40.620 -0300
833;100;2025-11-04 17:57:34.100 -0300
834;101;2025-11-04 17:58:24.941 -0300
835;102;2025-11-04 17:58:26.542 -0300
836;103;2025-11-04 17:58:27.842 -0300
837;104;2025-11-04 17:58:38.852 -0300
838;105;2025-11-04 17:58:42.554 -0300
839;106;2025-11-04 17:58:44.356 -0300
840;107;2025-11-04 17:58:45.056 -0300
841;108;2025-11-04 17:58:49.356 -0300
842;109;2025-11-04 17:59:33.392 -0300
843;110;2025-11-04 17:59:35.193 -0300
844;111;2025-11-04 17:59:36.996 -0300
845;112;2025-11-04 17:59:40.697 -0300
846;113;2025-11-04 17:59:44.101 -0300
847;114;2025-11-04 17:59:45.499 -0300
848;115;2025-11-04 17:59:49.105 -0300
849;116;2025-11-04 17:59:51.004 -0300
850;117;2025-11-04 18:00:42.745 -0300
851;118;2025-11-04 18:36:33.214 -0300
852;119;2025-11-04 18:36:35.214 -0300
853;120;2025-11-04 18:36:36.915 -0300
854;121;2025-11-04 18:36:38.415 -0300
855;122;2025-11-04 18:36:39.817 -0300
856;123;2025-11-04 18:38:36.009 -0300
857;124;2025-11-04 18:43:09.719 -0300
858;125;2025-11-04 18:43:21.827 -0300
859;126;2025-11-04 18:43:26.030 -0300
860;127;2025-11-04 18:43:29.531 -0300
861;128;2025-11-04 19:02:36.117 -0300
862;129;2025-11-04 19:56:11.008 -0300
863;130;2025-11-04 19:56:12.712 -0300
864;131;2025-11-04 19:56:13.195 -0300
865;132;2025-11-04 19:56:13.713 -0300
866;133;2025-11-04 19:56:15.011 -0300
867;134;2025-11-04 19:56:15.485 -0300
868;135;2025-11-04 20:05:45.046 -0300
869;136;2025-11-04 20:05:45.649 -0300
870;137;2025-11-04 20:05:46.747 -0300
871;138;2025-11-04 20:05:48.250 -0300
872;139;2025-11-04 20:05:48.723 -0300
873;140;2025-11-04 20:05:49.450 -0300
874;141;2025-11-04 20:06:32.684 -0300
875;142;2025-11-04 20:07:23.322 -0300
876;143;2025-11-04 20:07:37.835 -0300
877;144;2025-11-04 20:07:45.741 -0300
878;145;2025-11-04 20:07:48.541 -0300
879;146;2025-11-04 20:07:52.747 -0300
880;147;2025-11-04 20:08:13.363 -0300
881;148;2025-11-04 20:08:17.565 -0300
882;149;2025-11-04 20:44:34.049 -0300
883;150;2025-11-04 21:26:10.465 -0300
884;151;2025-11-04 21:26:19.568 -0300
885;152;2025-11-04 21:26:36.284 -0300
886;153;2025-11-04 21:26:36.759 -0300
887;154;2025-11-04 21:34:16.536 -0300
888;1;2025-11-06 15:39:16.511 -0300
889;2;2025-11-06 15:39:18.213 -0300
890;3;2025-11-06 15:39:18.912 -0300
891;4;2025-11-06 15:39:19.414 -0300
892;5;2025-11-06 15:39:19.855 -0300
893;6;2025-11-06 15:39:22.016 -0300
894;7;2025-11-06 16:22:03.688 -0300
895;8;2025-11-06 16:22:04.984 -0300
896;9;2025-11-06 16:22:06.086 -0300
897;10;2025-11-06 16:22:08.889 -0300
898;11;2025-11-06 16:22:09.991 -0300
899;12;2025-11-06 16:53:26.238 -0300
900;13;2025-11-06 17:08:48.261 -0300
901;14;2025-11-06 17:08:51.860 -0300
902;15;2025-11-06 17:08:53.762 -0300
903;16;2025-11-06 17:25:23.422 -0300
904;17;2025-11-06 17:25:24.721 -0300
905;18;2025-11-06 17:25:26.022 -0300
906;19;2025-11-06 17:34:57.061 -0300
907;20;2025-11-06 17:38:01.404 -0300
908;21;2025-11-06 17:38:07.808 -0300
909;22;2025-11-06 17:38:10.408 -0300
910;23;2025-11-06 17:38:37.330 -0300
911;24;2025-11-06 17:38:40.730 -0300
912;25;2025-11-06 17:38:41.177 -0300
913;26;2025-11-06 17:38:41.623 -0300
914;27;2025-11-06 17:38:47.637 -0300
915;28;2025-11-06 17:38:51.240 -0300
916;29;2025-11-06 17:38:57.843 -0300
917;30;2025-11-06 17:38:59.848 -0300
918;31;2025-11-06 17:39:00.296 -0300
919;32;2025-11-06 17:39:10.053 -0300
920;33;2025-11-06 17:39:10.501 -0300
921;34;2025-11-06 17:39:10.956 -0300
922;35;2025-11-06 17:39:11.853 -0300
923;36;2025-11-06 17:39:19.761 -0300
924;37;2025-11-06 17:39:20.761 -0300
925;38;2025-11-06 17:39:22.563 -0300
926;39;2025-11-06 17:39:27.564 -0300
927;40;2025-11-06 17:39:28.013 -0300
928;41;2025-11-06 17:39:29.967 -0300
929;42;2025-11-06 17:39:39.675 -0300
930;43;2025-11-06 17:39:40.123 -0300
931;44;2025-11-06 17:39:40.572 -0300
932;45;2025-11-06 17:39:41.021 -0300
933;46;2025-11-06 17:39:41.877 -0300
934;47;2025-11-06 17:39:42.325 -0300
935;48;2025-11-06 17:39:42.773 -0300
936;49;2025-11-06 17:39:45.381 -0300
937;50;2025-11-06 17:39:46.081 -0300
938;51;2025-11-06 17:39:47.179 -0300
939;52;2025-11-06 17:39:48.580 -0300
940;53;2025-11-06 17:39:49.028 -0300
941;54;2025-11-06 17:39:49.475 -0300
942;55;2025-11-06 17:39:49.982 -0300
943;56;2025-11-06 17:39:50.430 -0300
944;57;2025-11-06 17:39:50.982 -0300
945;58;2025-11-06 17:39:52.084 -0300
946;59;2025-11-06 17:39:52.531 -0300
947;60;2025-11-06 17:39:52.979 -0300
948;61;2025-11-06 17:39:53.986 -0300
949;62;2025-11-06 17:39:55.586 -0300
950;63;2025-11-06 17:39:56.034 -0300
951;64;2025-11-06 17:39:57.388 -0300
952;65;2025-11-06 17:39:58.089 -0300
953;66;2025-11-06 17:39:59.090 -0300
954;67;2025-11-06 17:39:59.689 -0300
955;68;2025-11-06 17:40:00.491 -0300
956;69;2025-11-06 17:40:00.989 -0300
957;70;2025-11-06 17:40:01.434 -0300
958;71;2025-11-06 17:40:02.793 -0300
959;72;2025-11-06 17:40:03.239 -0300
960;73;2025-11-06 17:40:03.686 -0300
961;74;2025-11-06 17:40:04.136 -0300
962;75;2025-11-06 17:40:04.694 -0300
963;76;2025-11-06 17:40:05.493 -0300
964;77;2025-11-06 17:40:06.094 -0300
965;78;2025-11-06 17:40:07.594 -0300
966;79;2025-11-06 17:40:09.496 -0300
967;80;2025-11-06 17:40:11.297 -0300
968;81;2025-11-06 17:40:12.398 -0300
969;82;2025-11-06 17:40:13.098 -0300
970;83;2025-11-06 17:40:13.900 -0300
971;84;2025-11-06 17:40:15.001 -0300
972;85;2025-11-06 17:40:15.601 -0300
973;86;2025-11-06 17:40:16.602 -0300
974;87;2025-11-06 17:40:17.303 -0300
975;88;2025-11-06 17:40:17.751 -0300
976;89;2025-11-06 17:40:20.103 -0300
977;90;2025-11-06 17:40:22.905 -0300
978;91;2025-11-06 17:40:23.369 -0300
979;92;2025-11-06 17:40:25.309 -0300
980;93;2025-11-06 17:40:25.909 -0300
981;94;2025-11-06 17:40:26.710 -0300
982;95;2025-11-06 17:40:27.909 -0300
983;96;2025-11-06 17:40:28.511 -0300
984;97;2025-11-06 17:40:29.710 -0300
985;98;2025-11-06 17:40:30.312 -0300
986;99;2025-11-06 17:40:30.757 -0300
987;100;2025-11-06 17:40:32.115 -0300
988;101;2025-11-06 17:40:33.415 -0300
989;102;2025-11-06 17:40:33.863 -0300
990;103;2025-11-06 17:40:34.311 -0300
991;104;2025-11-06 17:40:34.759 -0300
992;105;2025-11-06 17:40:35.203 -0300
993;106;2025-11-06 17:40:35.652 -0300
994;107;2025-11-06 17:40:36.100 -0300
995;108;2025-11-06 17:40:36.545 -0300
996;109;2025-11-06 17:40:36.993 -0300
997;110;2025-11-06 17:40:37.438 -0300
998;111;2025-11-06 17:40:37.883 -0300
999;112;2025-11-06 17:40:38.329 -0300
1000;113;2025-11-06 17:40:38.776 -0300
1001;114;2025-11-06 17:40:39.224 -0300
1002;115;2025-11-06 17:40:39.819 -0300
1003;116;2025-11-06 17:40:41.119 -0300
1004;117;2025-11-06 17:40:42.723 -0300
1005;118;2025-11-06 17:40:44.622 -0300
1006;119;2025-11-06 17:40:45.070 -0300
1007;120;2025-11-06 17:40:45.518 -0300
1008;121;2025-11-06 17:40:45.967 -0300
1009;122;2025-11-06 17:40:46.425 -0300
1010;123;2025-11-06 17:40:46.871 -0300
1011;124;2025-11-06 17:40:47.319 -0300
1012;125;2025-11-06 17:40:47.764 -0300
1013;126;2025-11-06 17:40:48.210 -0300
1014;127;2025-11-06 17:40:48.665 -0300
1015;128;2025-11-06 17:40:49.113 -0300
1016;129;2025-11-06 17:40:49.561 -0300
1017;130;2025-11-06 17:40:50.009 -0300
1018;131;2025-11-06 17:40:50.457 -0300
1019;132;2025-11-06 17:40:50.906 -0300
1020;133;2025-11-06 17:40:53.129 -0300
1021;134;2025-11-06 17:40:53.577 -0300
1022;135;2025-11-06 17:40:54.531 -0300
1023;136;2025-11-06 17:40:54.978 -0300
1024;137;2025-11-06 17:40:55.426 -0300
1025;138;2025-11-06 17:40:55.875 -0300
1026;139;2025-11-06 17:40:56.323 -0300
1027;140;2025-11-06 17:40:56.773 -0300
1028;141;2025-11-06 17:40:57.218 -0300
1029;142;2025-11-06 17:40:57.664 -0300
1030;143;2025-11-06 17:40:58.111 -0300
1031;144;2025-11-06 17:40:58.555 -0300
1032;145;2025-11-06 17:40:59.005 -0300
1033;146;2025-11-06 17:40:59.454 -0300
1034;147;2025-11-06 17:40:59.903 -0300
1035;148;2025-11-06 17:41:00.537 -0300
1036;149;2025-11-06 17:41:00.985 -0300
1037;150;2025-11-06 17:41:04.141 -0300
1038;151;2025-11-06 17:41:04.589 -0300
1039;152;2025-11-06 17:41:05.740 -0300
1040;153;2025-11-06 17:41:06.187 -0300
1041;154;2025-11-06 17:41:06.636 -0300
1042;155;2025-11-06 17:41:07.442 -0300
1043;156;2025-11-06 17:41:08.540 -0300
1044;157;2025-11-06 17:41:09.244 -0300
1045;158;2025-11-06 17:41:10.845 -0300
1046;159;2025-11-06 17:41:11.292 -0300
1047;160;2025-11-06 17:41:14.247 -0300
1048;161;2025-11-06 17:41:15.003 -0300
1049;162;2025-11-06 17:41:15.847 -0300
1050;163;2025-11-06 17:41:16.447 -0300
1051;164;2025-11-06 17:41:17.349 -0300
1052;165;2025-11-06 17:41:18.050 -0300
1053;166;2025-11-06 17:41:18.498 -0300
1054;167;2025-11-06 17:41:18.946 -0300
1055;168;2025-11-06 17:41:19.549 -0300
1056;169;2025-11-06 17:41:21.452 -0300
1057;170;2025-11-06 17:41:23.254 -0300
1058;171;2025-11-06 17:41:25.154 -0300
1059;172;2025-11-06 17:41:26.956 -0300
1060;173;2025-11-06 18:17:54.735 -0300
1061;174;2025-11-06 18:26:12.816 -0300
1062;175;2025-11-06 18:26:13.263 -0300
1063;176;2025-11-06 18:27:13.563 -0300
1064;177;2025-11-06 18:27:15.464 -0300
1065;178;2025-11-06 18:27:56.194 -0300
1066;179;2025-11-06 18:27:58.097 -0300
1067;180;2025-11-06 18:28:00.099 -0300
1068;181;2025-11-06 18:28:02.100 -0300
1069;182;2025-11-06 18:28:03.700 -0300
1070;183;2025-11-06 18:28:14.507 -0300
1071;184;2025-11-06 18:28:17.412 -0300
1072;185;2025-11-06 18:28:21.615 -0300
1073;186;2025-11-06 18:28:22.515 -0300
1074;187;2025-11-06 18:31:17.652 -0300
1075;188;2025-11-06 18:31:20.454 -0300
1076;189;2025-11-06 18:31:22.982 -0300
1077;190;2025-11-06 18:32:21.502 -0300
1078;191;2025-11-06 18:32:46.022 -0300
1079;192;2025-11-06 18:32:47.522 -0300
1080;193;2025-11-06 18:32:50.125 -0300
1081;194;2025-11-06 18:32:51.525 -0300
1082;195;2025-11-06 18:33:53.273 -0300
1083;196;2025-11-06 18:33:55.479 -0300
1084;197;2025-11-06 18:33:56.310 -0300
1085;198;2025-11-06 18:33:56.760 -0300
1086;199;2025-11-06 18:34:24.496 -0300
1087;200;2025-11-06 18:34:25.598 -0300
1088;201;2025-11-06 18:34:26.046 -0300
1089;202;2025-11-06 18:34:34.404 -0300
1090;203;2025-11-06 18:34:39.009 -0300
1091;204;2025-11-06 18:34:40.818 -0300
1092;205;2025-11-06 18:34:46.414 -0300
1093;206;2025-11-06 18:34:50.419 -0300
1094;207;2025-11-06 18:34:50.868 -0300
1095;208;2025-11-06 18:34:51.619 -0300
1096;209;2025-11-06 18:35:20.240 -0300
1097;210;2025-11-06 18:35:29.346 -0300
1098;211;2025-11-06 18:35:32.151 -0300
1099;212;2025-11-06 18:35:33.050 -0300
1100;213;2025-11-06 18:35:36.052 -0300
1101;214;2025-11-06 18:35:48.862 -0300
1102;215;2025-11-06 18:35:49.462 -0300
1103;216;2025-11-06 18:35:51.565 -0300
1104;217;2025-11-06 18:35:52.362 -0300
1105;218;2025-11-06 18:36:03.372 -0300
1106;219;2025-11-06 18:36:05.676 -0300
1107;220;2025-11-06 18:36:10.780 -0300
1108;221;2025-11-06 18:36:12.280 -0300
1109;222;2025-11-06 18:36:13.280 -0300
1110;223;2025-11-06 18:36:16.481 -0300
1111;224;2025-11-06 18:36:18.585 -0300
1112;225;2025-11-06 18:36:25.786 -0300
1113;226;2025-11-06 18:36:26.234 -0300
1114;227;2025-11-06 18:36:27.086 -0300
1115;228;2025-11-06 18:37:35.240 -0300
1116;229;2025-11-06 18:37:38.344 -0300
1117;230;2025-11-06 18:37:39.045 -0300
1118;231;2025-11-06 18:37:40.246 -0300
1119;232;2025-11-06 18:37:45.647 -0300
1120;233;2025-11-06 18:37:47.247 -0300
1121;234;2025-11-06 18:39:16.318 -0300
1122;235;2025-11-06 18:39:49.543 -0300
1123;236;2025-11-06 18:40:25.772 -0300
1124;237;2025-11-06 18:40:26.223 -0300
1125;238;2025-11-06 18:40:58.696 -0300
1126;239;2025-11-06 18:41:00.299 -0300
1127;240;2025-11-06 18:41:00.747 -0300
1128;241;2025-11-06 18:41:01.698 -0300
1129;242;2025-11-06 18:41:02.301 -0300
1130;243;2025-11-06 18:41:03.902 -0300
1131;244;2025-11-06 18:41:04.350 -0300
1132;245;2025-11-06 18:41:04.800 -0300
1133;246;2025-11-06 18:41:08.003 -0300
1134;247;2025-11-06 18:41:11.008 -0300
1135;248;2025-11-06 18:41:13.507 -0300
1136;249;2025-11-06 18:41:13.960 -0300
1137;250;2025-11-06 18:41:17.312 -0300
1138;251;2025-11-06 18:41:18.511 -0300
1139;252;2025-11-06 18:41:20.313 -0300
1140;253;2025-11-06 18:41:20.762 -0300
1141;254;2025-11-06 18:41:22.214 -0300
1142;255;2025-11-06 18:41:34.623 -0300
1143;256;2025-11-06 18:41:36.925 -0300
1144;257;2025-11-06 18:41:39.226 -0300
1145;258;2025-11-06 18:41:40.627 -0300
1146;259;2025-11-06 18:41:44.732 -0300
1147;260;2025-11-06 18:41:45.431 -0300
1148;261;2025-11-06 18:41:46.732 -0300
1149;262;2025-11-06 18:41:47.232 -0300
1150;263;2025-11-06 18:41:49.334 -0300
1151;264;2025-11-06 18:41:52.136 -0300
1152;265;2025-11-06 18:41:53.236 -0300
1153;266;2025-11-06 18:41:54.137 -0300
1154;267;2025-11-06 18:41:59.542 -0300
1155;268;2025-11-06 18:42:41.874 -0300
1156;269;2025-11-06 18:42:45.177 -0300
1157;270;2025-11-06 18:42:45.976 -0300
1158;271;2025-11-06 18:42:46.678 -0300
1159;272;2025-11-06 18:42:48.478 -0300
1160;273;2025-11-06 18:42:53.784 -0300
1161;274;2025-11-06 18:42:58.686 -0300
1162;275;2025-11-06 18:42:59.388 -0300
1163;276;2025-11-06 18:43:00.588 -0300
1164;277;2025-11-06 18:43:02.488 -0300
1165;278;2025-11-06 18:43:06.392 -0300
1166;279;2025-11-06 18:43:07.491 -0300
1167;280;2025-11-06 18:43:09.493 -0300
1168;281;2025-11-06 18:43:10.595 -0300
1169;282;2025-11-06 18:43:41.119 -0300
1170;283;2025-11-06 18:43:43.420 -0300
1171;284;2025-11-06 18:43:44.020 -0300
1172;285;2025-11-06 18:43:44.520 -0300
1173;286;2025-11-06 18:43:45.720 -0300
1174;287;2025-11-06 18:43:47.023 -0300
1175;288;2025-11-06 18:43:48.122 -0300
1176;289;2025-11-06 18:43:51.128 -0300
1177;290;2025-11-06 18:43:56.131 -0300
1178;291;2025-11-06 18:43:58.231 -0300
1179;292;2025-11-06 18:43:58.676 -0300
1180;293;2025-11-06 18:43:59.116 -0300
1181;294;2025-11-06 18:44:02.133 -0300
1182;295;2025-11-06 18:44:04.037 -0300
1183;296;2025-11-06 18:44:06.637 -0300
1184;297;2025-11-06 18:44:08.539 -0300
1185;298;2025-11-06 18:44:09.239 -0300
1186;299;2025-11-06 18:44:18.949 -0300
1187;300;2025-11-06 18:44:20.049 -0300
1188;301;2025-11-06 18:44:36.059 -0300
1189;302;2025-11-06 18:48:14.830 -0300
1190;303;2025-11-06 18:48:23.537 -0300
1191;304;2025-11-06 18:48:30.742 -0300
1192;305;2025-11-06 18:48:39.548 -0300
1193;306;2025-11-06 18:48:59.064 -0300
1194;307;2025-11-06 18:49:00.866 -0300
1195;308;2025-11-06 18:49:02.766 -0300
1196;309;2025-11-06 18:49:03.205 -0300
1197;310;2025-11-06 18:49:05.968 -0300
1198;311;2025-11-06 18:49:15.476 -0300
1199;312;2025-11-06 18:49:15.975 -0300
1200;313;2025-11-06 18:49:19.481 -0300
1201;314;2025-11-06 18:49:20.882 -0300
1202;315;2025-11-06 18:49:26.884 -0300
1203;316;2025-11-06 18:49:27.485 -0300
1204;317;2025-11-06 18:49:28.586 -0300
1205;318;2025-11-06 18:49:47.698 -0300
1206;319;2025-11-06 18:49:56.906 -0300
1207;320;2025-11-06 18:49:59.708 -0300
1208;321;2025-11-06 18:50:45.045 -0300
1209;322;2025-11-06 18:50:45.545 -0300
1210;323;2025-11-06 18:50:49.347 -0300
1211;324;2025-11-06 18:50:49.787 -0300
1212;325;2025-11-06 18:50:50.231 -0300
1213;326;2025-11-06 18:51:00.253 -0300
1214;327;2025-11-06 18:51:02.556 -0300
1215;328;2025-11-06 18:51:09.361 -0300
1216;329;2025-11-06 18:51:10.166 -0300
1217;330;2025-11-06 18:51:10.606 -0300
1218;331;2025-11-06 18:51:12.865 -0300
1219;332;2025-11-06 18:51:51.595 -0300
1220;333;2025-11-06 18:51:53.394 -0300
1221;334;2025-11-06 18:51:55.398 -0300
1222;335;2025-11-06 18:52:08.704 -0300
1223;336;2025-11-06 18:52:09.151 -0300
1224;337;2025-11-06 18:52:12.908 -0300
1225;338;2025-11-06 18:52:14.809 -0300
1226;339;2025-11-06 18:52:18.011 -0300
1227;340;2025-11-06 18:52:19.213 -0300
1228;341;2025-11-06 18:52:19.815 -0300
1229;342;2025-11-06 18:52:22.318 -0300
1230;343;2025-11-06 18:53:02.343 -0300
1231;344;2025-11-06 18:53:13.552 -0300
1232;345;2025-11-06 18:53:31.966 -0300
1233;346;2025-11-06 18:53:34.570 -0300
1234;347;2025-11-06 18:53:36.470 -0300
1235;348;2025-11-06 18:53:42.474 -0300
1236;349;2025-11-06 18:53:44.176 -0300
1237;350;2025-11-06 18:53:47.479 -0300
1238;351;2025-11-06 18:53:50.481 -0300
1239;352;2025-11-06 18:53:55.183 -0300
1240;353;2025-11-06 18:53:57.484 -0300
1241;354;2025-11-06 18:53:58.686 -0300
1242;355;2025-11-06 18:53:59.187 -0300
1243;356;2025-11-06 18:54:00.788 -0300
1244;357;2025-11-06 18:54:01.808 -0300
1245;358;2025-11-06 18:54:03.692 -0300
1246;359;2025-11-06 18:55:56.279 -0300
1247;360;2025-11-06 18:56:10.491 -0300
1248;361;2025-11-06 18:56:10.950 -0300
1249;362;2025-11-06 18:56:13.993 -0300
1250;363;2025-11-06 18:56:30.706 -0300
1251;364;2025-11-06 18:56:33.009 -0300
1252;365;2025-11-06 18:56:45.218 -0300
1253;366;2025-11-06 18:56:50.122 -0300
1254;367;2025-11-06 18:57:25.649 -0300
1255;368;2025-11-06 18:57:32.652 -0300
1256;369;2025-11-06 18:58:13.587 -0300
1257;370;2025-11-06 18:58:18.890 -0300
1258;371;2025-11-06 18:58:55.118 -0300
1259;372;2025-11-06 18:58:57.519 -0300
1260;373;2025-11-06 18:59:05.326 -0300
1261;374;2025-11-06 18:59:05.780 -0300
1262;375;2025-11-06 19:00:03.767 -0300
1263;376;2025-11-06 19:00:04.967 -0300
1264;377;2025-11-06 19:00:05.423 -0300
1265;378;2025-11-06 19:00:05.880 -0300
1266;379;2025-11-06 19:00:18.079 -0300
1267;380;2025-11-06 19:00:19.880 -0300
1268;381;2025-11-06 19:00:21.580 -0300
1269;382;2025-11-06 19:00:23.782 -0300
1270;383;2025-11-06 19:00:29.685 -0300
1271;384;2025-11-06 19:00:31.288 -0300
1272;385;2025-11-06 19:05:12.904 -0300
1273;386;2025-11-06 19:05:35.021 -0300
1274;387;2025-11-06 19:07:20.602 -0300
1275;388;2025-11-06 19:09:01.981 -0300
1276;389;2025-11-06 19:09:09.587 -0300
1277;390;2025-11-06 19:09:15.890 -0300
1278;391;2025-11-06 19:09:16.590 -0300
1279;392;2025-11-06 19:09:17.791 -0300
1280;393;2025-11-06 19:09:18.995 -0300
1281;394;2025-11-06 19:09:47.214 -0300
1282;395;2025-11-06 19:09:49.215 -0300
1283;396;2025-11-06 19:10:09.732 -0300
1284;397;2025-11-06 19:10:10.558 -0300
1285;398;2025-11-06 19:10:11.835 -0300
1286;399;2025-11-06 19:10:13.935 -0300
1287;400;2025-11-06 19:10:20.942 -0300
1288;401;2025-11-06 19:10:58.572 -0300
1289;402;2025-11-06 19:11:02.273 -0300
1290;403;2025-11-06 19:11:23.291 -0300
1291;404;2025-11-06 19:11:43.407 -0300
1292;405;2025-11-06 19:11:45.709 -0300
1293;406;2025-11-06 19:12:08.924 -0300
1294;407;2025-11-06 19:12:10.428 -0300
1295;408;2025-11-06 19:12:27.540 -0300
1296;409;2025-11-06 19:12:28.440 -0300
1297;410;2025-11-06 19:14:59.457 -0300
1298;411;2025-11-06 19:15:10.464 -0300
1299;412;2025-11-06 19:15:21.773 -0300
1300;413;2025-11-06 19:15:27.077 -0300
1301;414;2025-11-06 19:15:28.679 -0300
1302;415;2025-11-06 19:15:31.979 -0300
1303;416;2025-11-06 19:15:39.284 -0300
1304;417;2025-11-06 19:15:59.903 -0300
1305;418;2025-11-06 19:16:06.607 -0300
1306;419;2025-11-06 19:16:14.911 -0300
1307;420;2025-11-06 19:16:17.213 -0300
1308;421;2025-11-06 19:16:19.314 -0300
1309;422;2025-11-06 19:16:23.317 -0300
1310;423;2025-11-06 19:16:36.328 -0300
1311;424;2025-11-06 19:16:45.035 -0300
1312;425;2025-11-06 19:17:14.457 -0300
1313;426;2025-11-06 19:17:16.060 -0300
1314;427;2025-11-06 19:17:34.673 -0300
1315;428;2025-11-06 19:17:36.476 -0300
1316;429;2025-11-06 19:17:48.682 -0300
1317;430;2025-11-06 19:17:49.682 -0300
1318;431;2025-11-06 19:17:51.186 -0300
1319;432;2025-11-06 19:17:51.641 -0300
1320;433;2025-11-06 19:17:52.884 -0300
1321;434;2025-11-06 19:17:54.787 -0300
1322;435;2025-11-06 19:17:56.089 -0300
1323;436;2025-11-06 19:17:59.291 -0300
1324;437;2025-11-06 19:18:13.903 -0300
1325;438;2025-11-06 19:18:14.803 -0300
1326;439;2025-11-06 19:18:25.112 -0300
1327;440;2025-11-06 19:18:27.411 -0300
1328;441;2025-11-06 19:18:34.717 -0300
1329;442;2025-11-06 19:18:42.523 -0300
1330;443;2025-11-06 19:18:47.626 -0300
1331;444;2025-11-06 19:18:49.128 -0300
1332;445;2025-11-06 19:18:49.576 -0300
1333;446;2025-11-06 19:18:50.229 -0300
1334;447;2025-11-06 19:18:53.732 -0300
1335;448;2025-11-06 19:18:54.178 -0300
1336;449;2025-11-06 19:18:57.836 -0300
1337;450;2025-11-06 19:19:00.836 -0300
1338;451;2025-11-06 19:19:01.639 -0300
1339;452;2025-11-06 19:19:10.045 -0300
1340;453;2025-11-06 19:19:14.047 -0300
1341;454;2025-11-06 19:19:14.949 -0300
1342;455;2025-11-06 19:19:29.258 -0300
1343;456;2025-11-06 19:29:14.410 -0300
1344;457;2025-11-06 19:29:15.015 -0300
1345;458;2025-11-06 19:29:18.212 -0300
1346;459;2025-11-06 19:29:18.813 -0300
1347;460;2025-11-06 19:29:59.443 -0300
1348;461;2025-11-06 19:30:00.146 -0300
1349;462;2025-11-06 19:30:04.647 -0300
1350;463;2025-11-06 19:30:05.949 -0300
1351;464;2025-11-06 19:30:06.397 -0300
1352;465;2025-11-06 19:30:06.848 -0300
1353;466;2025-11-06 19:37:48.807 -0300
1354;467;2025-11-06 19:42:03.806 -0300
1355;468;2025-11-06 19:42:10.511 -0300
1356;469;2025-11-06 19:42:59.649 -0300
1357;470;2025-11-06 19:43:19.662 -0300
1358;471;2025-11-06 19:43:21.566 -0300
1359;472;2025-11-06 19:43:24.567 -0300
1360;473;2025-11-06 19:43:57.995 -0300
1361;474;2025-11-06 19:43:59.196 -0300
1362;475;2025-11-06 19:44:22.312 -0300
1363;476;2025-11-06 19:44:33.922 -0300
1364;477;2025-11-06 19:44:36.423 -0300
1365;478;2025-11-06 19:44:37.122 -0300
1366;479;2025-11-06 19:44:41.629 -0300
1367;480;2025-11-06 19:44:42.731 -0300
1368;481;2025-11-06 19:44:44.429 -0300
1369;482;2025-11-06 19:44:44.888 -0300
1370;483;2025-11-06 19:44:45.830 -0300
1371;484;2025-11-06 19:44:47.733 -0300
1372;485;2025-11-06 19:45:04.852 -0300
1373;486;2025-11-06 19:45:05.847 -0300
1374;487;2025-11-06 19:45:07.145 -0300
1375;488;2025-11-06 19:45:09.047 -0300
1376;489;2025-11-06 19:45:10.150 -0300
1377;490;2025-11-06 19:45:11.149 -0300
1378;491;2025-11-06 19:45:12.650 -0300
1379;492;2025-11-06 19:45:19.656 -0300
1380;493;2025-11-06 19:45:20.657 -0300
1381;494;2025-11-06 19:45:44.575 -0300
1382;495;2025-11-06 19:46:07.492 -0300
1383;496;2025-11-06 19:46:14.396 -0300
1384;497;2025-11-06 19:46:16.299 -0300
1385;498;2025-11-06 19:46:24.203 -0300
1386;499;2025-11-06 19:46:59.334 -0300
1387;500;2025-11-06 19:47:03.734 -0300
1388;501;2025-11-06 19:47:06.539 -0300
1389;502;2025-11-06 19:47:09.139 -0300
1390;503;2025-11-06 19:47:10.038 -0300
1391;504;2025-11-06 19:47:11.540 -0300
1392;505;2025-11-06 19:47:16.344 -0300
1393;506;2025-11-06 19:47:36.459 -0300
1394;507;2025-11-06 19:47:49.370 -0300
1395;508;2025-11-06 19:47:55.175 -0300
1396;509;2025-11-06 19:48:00.276 -0300
1397;510;2025-11-06 19:49:34.350 -0300
1398;511;2025-11-06 19:49:39.356 -0300
1399;512;2025-11-06 19:49:41.658 -0300
1400;513;2025-11-06 19:50:07.177 -0300
1401;514;2025-11-06 19:50:07.981 -0300
1402;515;2025-11-06 19:50:08.780 -0300
1403;516;2025-11-06 19:50:12.280 -0300
1404;517;2025-11-06 19:50:26.799 -0300
1405;518;2025-11-06 19:50:28.191 -0300
1406;519;2025-11-06 19:50:54.913 -0300
1407;520;2025-11-06 19:51:01.618 -0300
1408;521;2025-11-06 19:51:02.918 -0300
1409;522;2025-11-06 19:51:22.233 -0300
1410;523;2025-11-06 19:51:27.036 -0300
1411;524;2025-11-06 19:51:43.450 -0300
1412;525;2025-11-06 19:51:44.551 -0300
1413;526;2025-11-06 19:51:45.053 -0300
1414;527;2025-11-06 19:51:55.058 -0300
1415;528;2025-11-06 19:51:56.660 -0300
1416;529;2025-11-06 19:52:00.064 -0300
1417;530;2025-11-06 19:52:14.873 -0300
1418;531;2025-11-06 19:52:18.379 -0300
1419;532;2025-11-06 19:52:27.284 -0300
1420;533;2025-11-06 19:52:37.591 -0300
1421;534;2025-11-06 19:52:38.042 -0300
1422;535;2025-11-06 19:52:45.597 -0300
1423;536;2025-11-06 19:53:41.844 -0300
1424;537;2025-11-06 19:55:35.030 -0300
1425;538;2025-11-06 19:55:37.933 -0300
1426;539;2025-11-06 19:55:48.141 -0300
1427;540;2025-11-06 19:55:50.443 -0300
1428;541;2025-11-06 19:55:54.346 -0300
1429;542;2025-11-06 19:56:10.959 -0300
1430;543;2025-11-06 19:56:25.582 -0300
1431;544;2025-11-06 19:56:26.471 -0300
1432;545;2025-11-06 19:56:27.772 -0300
1433;546;2025-11-06 19:56:29.874 -0300
1434;547;2025-11-06 19:56:31.774 -0300
1435;548;2025-11-06 19:56:37.880 -0300
1436;549;2025-11-06 19:56:39.281 -0300
1437;550;2025-11-06 19:56:40.581 -0300
1438;551;2025-11-06 19:56:41.034 -0300
1439;552;2025-11-06 19:56:43.883 -0300
1440;553;2025-11-06 19:56:46.886 -0300
1441;554;2025-11-06 19:57:07.603 -0300
1442;555;2025-11-06 19:57:09.703 -0300
1443;556;2025-11-06 19:57:11.504 -0300
1444;557;2025-11-06 19:57:25.015 -0300
1445;558;2025-11-06 19:57:33.727 -0300
1446;559;2025-11-06 19:58:11.153 -0300
1447;560;2025-11-06 19:58:12.951 -0300
1448;561;2025-11-06 19:58:14.353 -0300
1449;562;2025-11-06 19:58:16.155 -0300
1450;563;2025-11-06 19:58:20.356 -0300
1451;564;2025-11-06 19:58:21.656 -0300
1452;565;2025-11-06 19:58:36.467 -0300
1453;566;2025-11-06 19:58:36.922 -0300
1454;567;2025-11-06 19:58:39.069 -0300
1455;568;2025-11-06 19:58:39.571 -0300
1456;569;2025-11-06 19:58:42.573 -0300
1457;570;2025-11-06 20:00:28.553 -0300
1458;571;2025-11-06 20:00:39.261 -0300
1459;572;2025-11-06 20:00:40.062 -0300
1460;573;2025-11-06 20:00:57.175 -0300
1461;574;2025-11-06 20:00:58.176 -0300
1462;575;2025-11-06 20:01:04.280 -0300
1463;576;2025-11-06 20:01:04.981 -0300
1464;577;2025-11-06 20:01:23.397 -0300
1465;578;2025-11-06 20:01:24.197 -0300
1466;579;2025-11-06 20:01:24.649 -0300
1467;580;2025-11-06 20:01:27.700 -0300
1468;581;2025-11-06 20:01:32.002 -0300
1469;582;2025-11-06 20:02:46.858 -0300
1470;2;2025-11-07 12:09:40.794 -0300
1471;3;2025-11-07 12:09:41.252 -0300
1472;4;2025-11-07 12:09:42.793 -0300
1473;5;2025-11-07 12:09:48.297 -0300
1474;6;2025-11-07 12:09:49.798 -0300
1475;7;2025-11-07 12:11:25.274 -0300
1476;8;2025-11-07 12:11:29.276 -0300
1477;9;2025-11-07 12:23:57.959 -0300
1478;10;2025-11-07 12:23:59.258 -0300
1479;11;2025-11-07 12:24:00.660 -0300
1480;12;2025-11-07 12:24:01.862 -0300
1481;13;2025-11-07 12:24:04.261 -0300
1482;14;2025-11-07 12:24:05.362 -0300
1483;15;2025-11-07 12:24:06.366 -0300
1484;16;2025-11-07 12:26:28.274 -0300
1485;17;2025-11-07 12:26:29.773 -0300
1486;18;2025-11-07 12:26:30.774 -0300
1487;19;2025-11-07 12:54:44.587 -0300
1488;20;2025-11-07 12:54:46.388 -0300
1489;21;2025-11-07 13:24:38.367 -0300
1490;22;2025-11-07 13:24:41.270 -0300
1491;23;2025-11-07 13:24:42.371 -0300
1492;24;2025-11-07 13:24:43.372 -0300
1493;25;2025-11-07 13:31:46.998 -0300
1494;26;2025-11-07 13:31:48.234 -0300
1495;27;2025-11-07 13:31:50.201 -0300
1496;28;2025-11-07 13:31:50.800 -0300
1497;29;2025-11-07 13:31:53.903 -0300
1498;30;2025-11-07 13:31:54.405 -0300
1499;31;2025-11-07 13:32:34.937 -0300
1500;32;2025-11-07 13:32:35.395 -0300
1501;33;2025-11-07 13:32:35.853 -0300
1502;34;2025-11-07 13:32:38.882 -0300
1503;35;2025-11-07 13:36:15.409 -0300
1504;36;2025-11-07 13:36:29.820 -0300
1505;37;2025-11-07 13:36:57.940 -0300
1506;38;2025-11-07 13:40:52.825 -0300
1507;39;2025-11-07 13:40:54.822 -0300
1508;40;2025-11-07 13:42:37.203 -0300
1509;41;2025-11-07 13:42:37.661 -0300
1510;42;2025-11-07 13:42:38.119 -0300
1511;43;2025-11-07 13:42:38.577 -0300
1512;44;2025-11-07 13:42:40.907 -0300
1513;45;2025-11-07 13:43:07.931 -0300
1514;46;2025-11-07 13:43:23.237 -0300
1515;47;2025-11-07 13:43:27.258 -0300
1516;48;2025-11-07 13:43:27.736 -0300
1517;49;2025-11-07 13:43:28.199 -0300
1518;50;2025-11-07 13:43:28.843 -0300
1519;51;2025-11-07 13:43:29.311 -0300
1520;52;2025-11-07 13:43:43.257 -0300
1521;53;2025-11-07 13:43:43.725 -0300
1522;54;2025-11-07 13:43:44.220 -0300
1523;55;2025-11-07 13:45:07.320 -0300
1524;56;2025-11-07 13:45:35.545 -0300
1525;57;2025-11-07 13:47:54.245 -0300
1526;58;2025-11-07 13:48:02.552 -0300
1527;59;2025-11-07 13:48:24.265 -0300
1528;60;2025-11-07 13:48:47.385 -0300
1529;61;2025-11-07 13:48:49.384 -0300
1530;62;2025-11-07 13:48:49.853 -0300
1531;63;2025-11-07 13:48:50.318 -0300
1532;64;2025-11-07 13:49:15.004 -0300
1533;65;2025-11-07 13:49:15.468 -0300
1534;66;2025-11-07 13:49:15.933 -0300
1535;67;2025-11-07 13:49:28.426 -0300
1536;68;2025-11-07 13:49:53.239 -0300
1537;69;2025-11-07 13:49:53.751 -0300
1538;70;2025-11-07 13:49:54.637 -0300
1539;71;2025-11-07 13:49:55.112 -0300
1540;72;2025-11-07 13:49:55.577 -0300
1541;73;2025-11-07 13:50:00.042 -0300
1542;74;2025-11-07 13:50:00.517 -0300
1543;75;2025-11-07 13:50:00.985 -0300
1544;76;2025-11-07 13:50:01.451 -0300
1545;77;2025-11-07 13:50:01.999 -0300
1546;78;2025-11-07 13:50:02.501 -0300
1547;79;2025-11-07 13:50:04.944 -0300
1548;80;2025-11-07 13:50:05.411 -0300
1549;81;2025-11-07 13:50:06.044 -0300
1550;82;2025-11-07 13:50:06.512 -0300
1551;83;2025-11-07 13:50:06.977 -0300
1552;84;2025-11-07 13:50:13.148 -0300
1553;85;2025-11-07 13:50:24.559 -0300
1554;86;2025-11-07 13:51:10.396 -0300
1555;87;2025-11-07 13:51:11.393 -0300
1556;88;2025-11-07 13:51:11.997 -0300
1557;89;2025-11-07 13:51:46.423 -0300
1558;90;2025-11-07 13:51:49.025 -0300
1559;91;2025-11-07 13:51:49.491 -0300
1560;92;2025-11-07 13:52:14.041 -0300
1561;93;2025-11-07 13:52:14.509 -0300
1562;94;2025-11-07 13:52:30.054 -0300
1563;95;2025-11-07 13:52:31.761 -0300
1564;96;2025-11-07 13:52:37.160 -0300
1565;97;2025-11-07 13:53:00.984 -0300
1566;98;2025-11-07 13:53:34.442 -0300
1567;99;2025-11-07 13:55:40.101 -0300
1568;100;2025-11-07 13:55:40.565 -0300
1569;101;2025-11-07 13:55:41.032 -0300
1570;102;2025-11-07 13:55:41.495 -0300
1571;103;2025-11-07 13:55:41.963 -0300
1572;104;2025-11-07 13:55:42.599 -0300
1573;105;2025-11-07 13:55:43.068 -0300
1574;106;2025-11-07 13:55:43.541 -0300
1575;107;2025-11-07 13:55:44.112 -0300
1576;108;2025-11-07 13:55:44.577 -0300
1577;109;2025-11-07 13:55:45.044 -0300
1578;110;2025-11-07 13:55:45.511 -0300
1579;111;2025-11-07 13:55:45.975 -0300
1580;112;2025-11-07 13:55:46.446 -0300
1581;113;2025-11-07 13:55:46.919 -0300
1582;114;2025-11-07 13:55:47.385 -0300
1583;115;2025-11-07 13:55:54.810 -0300
1584;116;2025-11-07 13:55:55.311 -0300
1585;117;2025-11-07 13:55:55.777 -0300
1586;118;2025-11-07 13:55:56.614 -0300
1587;119;2025-11-07 13:55:58.420 -0300
1588;120;2025-11-07 13:56:01.433 -0300
1589;121;2025-11-07 13:56:09.222 -0300
1590;122;2025-11-07 13:56:11.921 -0300
1591;123;2025-11-07 13:56:16.023 -0300
1592;124;2025-11-07 13:56:50.851 -0300
1593;125;2025-11-07 13:56:51.323 -0300
1594;126;2025-11-07 13:57:40.591 -0300
1595;127;2025-11-07 13:57:41.592 -0300
1596;128;2025-11-07 13:57:42.059 -0300
1597;129;2025-11-07 13:57:42.535 -0300
1598;130;2025-11-07 13:57:51.201 -0300
1599;131;2025-11-07 13:57:52.602 -0300
1600;132;2025-11-07 13:57:53.070 -0300
1601;133;2025-11-07 13:57:53.555 -0300
1602;134;2025-11-07 13:57:54.020 -0300
1603;135;2025-11-07 13:57:54.501 -0300
1604;136;2025-11-07 13:57:54.966 -0300
1605;137;2025-11-07 13:57:55.502 -0300
1606;138;2025-11-07 13:57:58.006 -0300
1607;139;2025-11-07 13:57:59.704 -0300
1608;140;2025-11-07 13:58:00.172 -0300
1609;141;2025-11-07 13:58:28.125 -0300
1610;142;2025-11-07 14:00:01.097 -0300
1611;143;2025-11-07 14:01:29.966 -0300
1612;144;2025-11-07 14:01:35.771 -0300
1613;145;2025-11-07 14:01:45.781 -0300
1614;146;2025-11-07 14:05:02.033 -0300
1615;147;2025-11-07 14:05:03.532 -0300
1616;148;2025-11-07 14:08:11.378 -0300
1617;149;2025-11-07 14:08:13.581 -0300
1618;150;2025-11-07 14:15:29.726 -0300
1619;151;2025-11-07 14:15:31.120 -0300
1620;152;2025-11-07 14:21:17.687 -0300
1621;153;2025-11-07 14:21:22.989 -0300
1622;154;2025-11-07 14:21:27.793 -0300
1623;155;2025-11-07 14:21:29.797 -0300
1624;156;2025-11-07 14:21:30.394 -0300
1625;157;2025-11-07 14:21:31.297 -0300
1626;158;2025-11-07 14:21:35.101 -0300
1627;159;2025-11-07 14:21:39.602 -0300
1628;160;2025-11-07 14:52:01.310 -0300
1629;161;2025-11-07 14:52:02.911 -0300
1630;162;2025-11-07 15:08:10.856 -0300
1631;163;2025-11-07 15:36:27.666 -0300
1632;164;2025-11-07 15:56:12.471 -0300
1633;165;2025-11-07 16:01:35.823 -0300
1634;166;2025-11-07 16:02:19.955 -0300
1635;167;2025-11-07 16:02:20.453 -0300
1636;168;2025-11-07 16:02:20.919 -0300
1637;169;2025-11-07 16:02:22.456 -0300
1638;170;2025-11-07 17:04:14.121 -0300
1639;171;2025-11-07 17:14:06.678 -0300
1640;172;2025-11-07 17:14:09.378 -0300
1641;173;2025-11-07 17:14:09.854 -0300
1642;174;2025-11-07 17:14:10.329 -0300
1643;175;2025-11-07 17:14:10.805 -0300
1644;176;2025-11-07 17:14:11.281 -0300
1645;177;2025-11-07 17:14:11.756 -0300
1646;178;2025-11-07 17:14:12.231 -0300
1647;179;2025-11-07 17:14:12.983 -0300
1648;180;2025-11-07 17:14:13.461 -0300
1649;181;2025-11-07 17:14:14.082 -0300
1650;182;2025-11-07 17:14:14.558 -0300
1651;183;2025-11-07 17:14:23.992 -0300
1652;184;2025-11-07 17:14:24.471 -0300
1653;185;2025-11-07 17:14:25.192 -0300
1654;186;2025-11-07 17:14:25.667 -0300
1655;187;2025-11-07 17:14:30.792 -0300
1656;188;2025-11-07 17:14:31.270 -0300
1657;189;2025-11-07 17:14:31.749 -0300
1658;190;2025-11-07 17:14:32.226 -0300
1659;191;2025-11-07 17:14:40.800 -0300
1660;192;2025-11-07 17:14:41.702 -0300
1661;193;2025-11-07 17:14:42.403 -0300
1662;194;2025-11-07 17:14:42.882 -0300
1663;195;2025-11-07 17:14:43.359 -0300
1664;196;2025-11-07 17:14:43.837 -0300
1665;197;2025-11-07 17:14:44.315 -0300
1666;198;2025-11-07 17:14:44.792 -0300
1667;199;2025-11-07 17:14:45.271 -0300
1668;200;2025-11-07 17:14:45.747 -0300
1669;201;2025-11-07 17:14:46.226 -0300
1670;202;2025-11-07 17:14:46.704 -0300
1671;203;2025-11-07 17:14:47.180 -0300
1672;204;2025-11-07 17:14:47.656 -0300
1673;205;2025-11-07 17:14:48.134 -0300
1674;206;2025-11-07 17:14:48.613 -0300
1675;207;2025-11-07 17:14:49.089 -0300
1676;208;2025-11-07 17:14:49.566 -0300
1677;209;2025-11-07 17:14:50.043 -0300
1678;210;2025-11-07 17:14:50.520 -0300
1679;211;2025-11-07 17:14:50.997 -0300
1680;212;2025-11-07 17:14:51.477 -0300
1681;213;2025-11-07 17:14:56.413 -0300
1682;214;2025-11-07 17:14:56.889 -0300
1683;215;2025-11-07 17:14:57.366 -0300
1684;216;2025-11-07 17:14:57.843 -0300
1685;217;2025-11-07 17:14:58.321 -0300
1686;218;2025-11-07 17:14:58.800 -0300
1687;219;2025-11-07 17:14:59.275 -0300
1688;220;2025-11-07 17:14:59.751 -0300
1689;221;2025-11-07 17:15:00.226 -0300
1690;222;2025-11-07 17:15:00.703 -0300
1691;223;2025-11-07 17:15:01.181 -0300
1692;224;2025-11-07 17:15:01.656 -0300
1693;225;2025-11-07 17:15:02.132 -0300
1694;226;2025-11-07 17:15:02.607 -0300
1695;227;2025-11-07 17:15:04.320 -0300
1696;228;2025-11-07 17:15:05.121 -0300
1697;229;2025-11-07 17:15:05.598 -0300
1698;230;2025-11-07 17:15:06.073 -0300
1699;231;2025-11-07 17:15:06.549 -0300
1700;232;2025-11-07 17:15:07.025 -0300
1701;233;2025-11-07 17:15:07.501 -0300
1702;234;2025-11-07 17:15:07.977 -0300
1703;235;2025-11-07 17:15:08.454 -0300
1704;236;2025-11-07 17:15:08.930 -0300
1705;237;2025-11-07 17:15:09.409 -0300
1706;238;2025-11-07 17:15:09.886 -0300
1707;239;2025-11-07 17:15:10.362 -0300
1708;240;2025-11-07 17:15:10.839 -0300
1709;241;2025-11-07 17:15:11.524 -0300
1710;242;2025-11-07 17:15:12.000 -0300
1711;243;2025-11-07 17:15:12.475 -0300
1712;244;2025-11-07 17:15:14.128 -0300
1713;245;2025-11-07 17:15:14.604 -0300
1714;246;2025-11-07 17:15:16.630 -0300
1715;247;2025-11-07 17:15:17.107 -0300
1716;248;2025-11-07 17:15:17.585 -0300
1717;249;2025-11-07 17:15:21.233 -0300
1718;250;2025-11-07 17:15:21.709 -0300
1719;251;2025-11-07 17:15:22.187 -0300
1720;252;2025-11-07 17:15:22.664 -0300
1721;253;2025-11-07 17:15:23.140 -0300
1722;254;2025-11-07 17:15:26.636 -0300
1723;255;2025-11-07 17:15:27.437 -0300
1724;256;2025-11-07 17:15:27.916 -0300
1725;257;2025-11-07 17:15:28.538 -0300
1726;258;2025-11-07 17:15:29.014 -0300
1727;259;2025-11-07 17:15:29.838 -0300
1728;260;2025-11-07 17:15:30.314 -0300
1729;261;2025-11-07 17:15:30.793 -0300
1730;262;2025-11-07 17:15:31.740 -0300
1731;263;2025-11-07 17:15:32.342 -0300
1732;264;2025-11-07 17:15:32.817 -0300
1733;265;2025-11-07 17:15:33.296 -0300
1734;266;2025-11-07 17:15:33.772 -0300
1735;267;2025-11-07 17:15:34.249 -0300
1736;268;2025-11-07 17:15:44.449 -0300
1737;269;2025-11-07 17:15:45.652 -0300
1738;270;2025-11-07 17:15:46.129 -0300
1739;271;2025-11-07 17:15:46.605 -0300
1740;272;2025-11-07 17:15:47.080 -0300
1741;273;2025-11-07 17:15:47.554 -0300
1742;274;2025-11-07 17:15:48.031 -0300
1743;275;2025-11-07 17:15:48.507 -0300
1744;276;2025-11-07 17:15:48.982 -0300
1745;277;2025-11-07 17:15:49.456 -0300
1746;278;2025-11-07 17:15:49.933 -0300
1747;279;2025-11-07 17:15:50.411 -0300
1748;280;2025-11-07 17:15:50.892 -0300
1749;281;2025-11-07 17:15:51.370 -0300
1750;282;2025-11-07 17:15:51.846 -0300
1751;283;2025-11-07 17:16:00.665 -0300
1752;284;2025-11-07 17:16:04.066 -0300
1753;285;2025-11-07 17:16:04.542 -0300
1754;286;2025-11-07 17:16:05.019 -0300
1755;287;2025-11-07 17:16:06.069 -0300
1756;288;2025-11-07 17:26:53.165 -0300
1757;289;2025-11-07 17:27:05.174 -0300
1758;290;2025-11-07 17:27:05.775 -0300
1759;291;2025-11-07 17:27:07.474 -0300
1760;292;2025-11-07 17:28:02.218 -0300
1761;293;2025-11-07 17:28:04.019 -0300
1762;294;2025-11-07 17:28:05.419 -0300
1763;295;2025-11-07 17:46:14.559 -0300
1764;296;2025-11-07 17:46:20.062 -0300
1765;297;2025-11-07 17:55:56.108 -0300
1766;298;2025-11-07 17:55:57.509 -0300
1767;299;2025-11-07 18:07:48.759 -0300
1768;300;2025-11-07 18:07:49.460 -0300
1769;301;2025-11-07 18:07:49.925 -0300
1770;302;2025-11-07 18:07:50.393 -0300
1771;303;2025-11-07 18:07:50.862 -0300
1772;304;2025-11-07 18:07:51.461 -0300
1773;305;2025-11-07 18:07:51.929 -0300
1774;306;2025-11-07 18:07:52.398 -0300
1775;307;2025-11-07 18:07:52.866 -0300
1776;308;2025-11-07 18:07:53.334 -0300
1777;309;2025-11-07 18:07:53.804 -0300
1778;310;2025-11-07 18:07:54.270 -0300
1779;311;2025-11-07 18:07:54.738 -0300
1780;312;2025-11-07 18:07:55.206 -0300
1781;313;2025-11-07 18:07:55.672 -0300
1782;314;2025-11-07 18:07:56.141 -0300
1783;315;2025-11-07 18:07:56.609 -0300
1784;316;2025-11-07 18:07:57.664 -0300
1785;317;2025-11-07 18:07:58.767 -0300
