id;passagens;timestamp
1;8;28/10/2025 07:46
2;9;28/10/2025 07:46
3;10;28/10/2025 07:46
4;11;28/10/2025 07:46
5;12;28/10/2025 07:46
6;13;28/10/2025 07:46
7;14;28/10/2025 07:46
8;15;28/10/2025 07:46
9;16;28/10/2025 07:46
10;17;28/10/2025 07:46
11;18;28/10/2025 07:46
12;19;28/10/2025 07:46
13;20;28/10/2025 07:46
14;21;28/10/2025 07:46
15;22;28/10/2025 07:46
16;23;28/10/2025 07:46
17;24;28/10/2025 07:47
18;25;28/10/2025 07:47
19;26;28/10/2025 07:47
20;27;28/10/2025 07:47
21;28;28/10/2025 07:47
22;29;28/10/2025 07:47
23;30;28/10/2025 07:47
24;31;28/10/2025 07:47
25;32;28/10/2025 07:47
26;33;28/10/2025 07:47
27;34;28/10/2025 07:47
28;35;28/10/2025 07:47
29;36;28/10/2025 07:47
30;37;28/10/2025 07:47
31;38;28/10/2025 07:47
32;39;28/10/2025 07:47
33;40;28/10/2025 07:47
34;41;28/10/2025 07:47
35;42;28/10/2025 08:12
36;43;28/10/2025 08:12
37;44;28/10/2025 08:12
38;45;28/10/2025 08:12
39;46;28/10/2025 08:12
40;47;28/10/2025 08:12
41;48;28/10/2025 08:12
42;49;28/10/2025 08:12
43;50;28/10/2025 08:12
44;51;28/10/2025 08:12
45;52;28/10/2025 08:12
46;53;28/10/2025 08:13
47;54;28/10/2025 08:13
48;55;28/10/2025 08:13
49;56;28/10/2025 08:13
50;57;28/10/2025 08:13
51;58;28/10/2025 08:13
52;59;28/10/2025 08:13
53;60;28/10/2025 08:13
54;61;28/10/2025 08:13
55;62;28/10/2025 08:13
56;63;28/10/2025 08:14
57;64;28/10/2025 08:14
58;65;28/10/2025 08:14
59;66;28/10/2025 08:14
60;67;28/10/2025 08:14
61;68;28/10/2025 08:14
62;69;28/10/2025 08:14
63;70;28/10/2025 08:14
64;71;28/10/2025 08:15
65;72;28/10/2025 08:15
66;73;28/10/2025 08:15
67;74;28/10/2025 08:15
68;75;28/10/2025 08:16
69;76;28/10/2025 08:16
70;77;28/10/2025 08:17
71;78;28/10/2025 08:17
72;79;28/10/2025 08:17
73;80;28/10/2025 08:20
74;81;28/10/2025 08:20
75;82;28/10/2025 08:20
76;83;28/10/2025 08:20
77;84;28/10/2025 08:20
78;85;28/10/2025 08:20
79;86;28/10/2025 08:20
80;87;28/10/2025 08:20
81;88;28/10/2025 08:20
82;89;28/10/2025 08:20
83;90;28/10/2025 08:21
84;91;28/10/2025 08:21
85;92;28/10/2025 08:21
86;93;28/10/2025 08:21
87;94;28/10/2025 08:21
88;95;28/10/2025 08:21
89;96;28/10/2025 08:21
90;97;28/10/2025 08:23
91;98;28/10/2025 08:24
92;99;28/10/2025 08:24
93;100;28/10/2025 08:24
94;101;28/10/2025 08:24
95;102;28/10/2025 08:26
96;103;28/10/2025 08:26
97;104;28/10/2025 08:26
98;105;28/10/2025 08:28
99;106;28/10/2025 08:30
100;107;28/10/2025 08:30
101;108;28/10/2025 08:30
102;109;28/10/2025 08:30
103;110;28/10/2025 08:35
104;111;28/10/2025 08:39
105;112;28/10/2025 08:39
106;113;28/10/2025 08:44
107;114;28/10/2025 08:44
108;115;28/10/2025 08:45
109;116;28/10/2025 08:45
110;117;28/10/2025 08:45
111;118;28/10/2025 08:46
112;119;28/10/2025 08:46
113;120;28/10/2025 08:47
114;121;28/10/2025 08:48
115;122;28/10/2025 08:48
116;123;28/10/2025 08:53
117;124;28/10/2025 08:53
118;125;28/10/2025 08:53
119;126;28/10/2025 08:53
120;127;28/10/2025 08:53
121;128;28/10/2025 08:54
122;129;28/10/2025 08:54
123;130;28/10/2025 08:54
124;131;28/10/2025 08:54
125;132;28/10/2025 08:57
126;133;28/10/2025 08:57
127;134;28/10/2025 08:57
128;135;28/10/2025 08:57
129;136;28/10/2025 08:57
130;137;28/10/2025 08:58
131;138;28/10/2025 08:58
132;139;28/10/2025 08:58
133;140;28/10/2025 08:58
134;141;28/10/2025 08:58
135;142;28/10/2025 08:58
136;143;28/10/2025 08:58
137;144;28/10/2025 08:58
138;145;28/10/2025 08:58
139;146;28/10/2025 08:58
140;147;28/10/2025 08:59
141;148;28/10/2025 08:59
142;149;28/10/2025 08:59
143;150;28/10/2025 09:00
144;151;28/10/2025 09:00
145;152;28/10/2025 09:00
146;153;28/10/2025 09:05
147;154;28/10/2025 09:05
148;155;28/10/2025 09:05
149;156;28/10/2025 09:05
150;157;28/10/2025 09:05
151;158;28/10/2025 09:05
152;159;28/10/2025 09:05
153;160;28/10/2025 09:05
154;161;28/10/2025 09:05
155;162;28/10/2025 09:05
156;163;28/10/2025 09:05
157;164;28/10/2025 09:05
158;165;28/10/2025 09:06
159;166;28/10/2025 09:06
160;167;28/10/2025 09:06
161;168;28/10/2025 09:06
162;169;28/10/2025 09:06
163;170;28/10/2025 09:06
164;171;28/10/2025 09:06
165;172;28/10/2025 09:07
166;173;28/10/2025 09:07
167;174;28/10/2025 09:07
168;175;28/10/2025 09:07
169;176;28/10/2025 09:08
170;177;28/10/2025 09:08
171;178;28/10/2025 09:08
172;179;28/10/2025 09:09
173;180;28/10/2025 09:09
174;181;28/10/2025 09:09
175;182;28/10/2025 09:09
176;183;28/10/2025 09:09
177;184;28/10/2025 09:10
178;185;28/10/2025 09:10
179;186;28/10/2025 09:10
180;187;28/10/2025 09:10
181;188;28/10/2025 09:11
182;189;28/10/2025 09:11
183;190;28/10/2025 09:11
184;191;28/10/2025 09:12
185;192;28/10/2025 09:14
186;193;28/10/2025 09:14
187;194;28/10/2025 09:14
188;195;28/10/2025 09:14
189;196;28/10/2025 09:16
190;197;28/10/2025 09:16
191;198;28/10/2025 09:16
192;199;28/10/2025 09:16
193;200;28/10/2025 09:17
194;201;28/10/2025 09:17
195;202;28/10/2025 09:23
196;203;28/10/2025 09:23
197;204;28/10/2025 09:23
198;205;28/10/2025 09:23
199;206;28/10/2025 09:23
200;207;28/10/2025 09:24
201;208;28/10/2025 09:24
202;209;28/10/2025 09:24
203;210;28/10/2025 09:25
204;211;28/10/2025 09:25
205;212;28/10/2025 09:25
206;213;28/10/2025 09:26
207;214;28/10/2025 09:26
208;215;28/10/2025 09:26
209;216;28/10/2025 09:26
210;217;28/10/2025 09:26
211;218;28/10/2025 09:27
212;219;28/10/2025 09:28
213;220;28/10/2025 09:28
214;221;28/10/2025 09:28
215;222;28/10/2025 09:30
216;223;28/10/2025 09:32
217;224;28/10/2025 09:32
218;225;28/10/2025 09:32
219;226;28/10/2025 09:33
220;227;28/10/2025 09:33
221;228;28/10/2025 09:33
222;229;28/10/2025 09:33
223;230;28/10/2025 09:34
224;231;28/10/2025 09:34
225;232;28/10/2025 09:34
226;233;28/10/2025 09:36
227;234;28/10/2025 09:37
228;235;28/10/2025 09:38
229;236;28/10/2025 09:38
230;237;28/10/2025 09:39
231;238;28/10/2025 09:40
232;239;28/10/2025 09:40
233;240;28/10/2025 09:40
234;241;28/10/2025 09:40
235;242;28/10/2025 09:42
236;243;28/10/2025 09:43
237;244;28/10/2025 09:44
238;245;28/10/2025 09:46
239;246;28/10/2025 09:46
240;247;28/10/2025 09:48
241;248;28/10/2025 09:49
242;249;28/10/2025 09:49
243;250;28/10/2025 09:50
244;251;28/10/2025 09:50
245;252;28/10/2025 09:50
246;253;28/10/2025 09:52
247;254;28/10/2025 09:52
248;255;28/10/2025 09:53
249;256;28/10/2025 09:55
250;257;28/10/2025 09:56
251;258;28/10/2025 09:57
252;259;28/10/2025 09:57
253;260;28/10/2025 09:58
254;261;28/10/2025 09:58
255;262;28/10/2025 10:03
256;263;28/10/2025 10:07
257;264;28/10/2025 10:07
258;265;28/10/2025 10:10
259;266;28/10/2025 10:10
260;267;28/10/2025 10:16
261;268;28/10/2025 10:16
262;269;28/10/2025 10:17
263;270;28/10/2025 10:22
264;271;28/10/2025 10:23
265;272;28/10/2025 10:23
266;273;28/10/2025 10:28
267;274;28/10/2025 10:35
268;275;28/10/2025 10:35
269;276;28/10/2025 10:35
270;277;28/10/2025 10:37
271;278;28/10/2025 10:37
272;279;28/10/2025 10:41
273;280;28/10/2025 10:41
274;281;28/10/2025 10:47
275;282;28/10/2025 10:47
276;283;28/10/2025 10:47
277;284;28/10/2025 10:52
278;285;28/10/2025 10:53
279;286;28/10/2025 10:53
280;287;28/10/2025 10:53
281;288;28/10/2025 10:53
282;289;28/10/2025 10:53
283;290;28/10/2025 10:53
284;291;28/10/2025 10:53
285;292;28/10/2025 10:53
286;293;28/10/2025 10:53
287;294;28/10/2025 10:53
288;295;28/10/2025 10:54
289;296;28/10/2025 10:54
290;297;28/10/2025 10:54
291;298;28/10/2025 10:54
292;299;28/10/2025 10:54
293;300;28/10/2025 10:57
294;301;28/10/2025 11:04
295;302;28/10/2025 11:12
296;303;28/10/2025 11:12
297;304;28/10/2025 11:12
298;305;28/10/2025 11:16
299;306;28/10/2025 11:16
300;307;28/10/2025 11:17
301;308;28/10/2025 11:21
302;309;28/10/2025 11:21
303;310;28/10/2025 11:24
304;311;28/10/2025 11:24
305;312;28/10/2025 11:26
306;313;28/10/2025 11:29
307;314;28/10/2025 11:36
308;315;28/10/2025 11:36
309;316;28/10/2025 11:41
310;317;28/10/2025 11:41
311;318;28/10/2025 11:43
312;319;28/10/2025 11:45
313;320;28/10/2025 11:45
314;321;28/10/2025 11:56
315;322;28/10/2025 12:02
316;323;28/10/2025 12:02
317;324;28/10/2025 12:02
318;325;28/10/2025 12:02
319;326;28/10/2025 12:07
320;327;28/10/2025 12:07
321;328;28/10/2025 12:07
322;329;28/10/2025 12:08
323;330;28/10/2025 12:21
324;331;28/10/2025 12:21
325;332;28/10/2025 12:34
326;333;28/10/2025 12:44
327;334;28/10/2025 12:44
328;335;28/10/2025 12:44
329;336;28/10/2025 12:49
330;337;28/10/2025 12:49
331;338;28/10/2025 12:52
332;339;28/10/2025 12:54
333;340;28/10/2025 12:57
334;341;28/10/2025 12:58
335;342;28/10/2025 13:00
336;343;28/10/2025 13:03
337;344;28/10/2025 13:03
338;345;28/10/2025 13:03
339;346;28/10/2025 13:06
340;347;28/10/2025 13:06
341;348;28/10/2025 13:06
342;349;28/10/2025 13:06
343;350;28/10/2025 13:06
344;351;28/10/2025 13:06
345;352;28/10/2025 13:09
346;353;28/10/2025 13:09
347;354;28/10/2025 13:11
348;355;28/10/2025 13:13
349;356;28/10/2025 13:13
350;357;28/10/2025 13:26
351;358;28/10/2025 13:26
352;359;28/10/2025 13:28
353;360;28/10/2025 13:28
354;361;28/10/2025 13:28
355;362;28/10/2025 13:34
356;363;28/10/2025 13:35
357;364;28/10/2025 13:35
358;365;28/10/2025 13:40
359;366;28/10/2025 13:40
360;367;28/10/2025 13:42
361;368;28/10/2025 13:43
362;369;28/10/2025 13:43
363;370;28/10/2025 13:43
364;371;28/10/2025 13:54
365;372;28/10/2025 13:55
366;373;28/10/2025 13:55
367;374;28/10/2025 14:01
368;375;28/10/2025 14:01
369;376;28/10/2025 14:01
370;377;28/10/2025 14:04
371;378;28/10/2025 14:04
372;379;28/10/2025 14:04
373;380;28/10/2025 14:05
374;381;28/10/2025 14:06
375;382;28/10/2025 14:07
376;383;28/10/2025 14:07
377;384;28/10/2025 14:08
378;385;28/10/2025 14:11
379;386;28/10/2025 14:11
380;387;28/10/2025 14:16
381;388;28/10/2025 14:16
382;389;28/10/2025 14:16
383;390;28/10/2025 14:16
384;391;28/10/2025 14:16
385;392;28/10/2025 14:21
386;393;28/10/2025 14:21
387;394;28/10/2025 14:22
388;395;28/10/2025 14:22
389;396;28/10/2025 14:22
390;397;28/10/2025 14:23
391;398;28/10/2025 14:23
392;399;28/10/2025 14:23
393;400;28/10/2025 14:23
394;401;28/10/2025 14:23
395;402;28/10/2025 14:23
396;403;28/10/2025 14:23
397;404;28/10/2025 14:23
398;405;28/10/2025 14:23
399;406;28/10/2025 14:23
400;407;28/10/2025 14:23
401;408;28/10/2025 14:23
402;409;28/10/2025 14:23
403;410;28/10/2025 14:23
404;411;28/10/2025 14:23
405;412;28/10/2025 14:24
406;413;28/10/2025 14:24
407;414;28/10/2025 14:24
408;415;28/10/2025 14:24
409;416;28/10/2025 14:24
410;417;28/10/2025 14:24
411;418;28/10/2025 14:24
412;419;28/10/2025 14:24
413;420;28/10/2025 14:25
414;421;28/10/2025 14:25
415;422;28/10/2025 14:31
416;423;28/10/2025 14:31
417;424;28/10/2025 14:31
418;425;28/10/2025 14:31
419;426;28/10/2025 14:31
420;427;28/10/2025 14:31
421;428;28/10/2025 14:31
422;429;28/10/2025 14:37
423;430;28/10/2025 14:37
424;431;28/10/2025 14:37
425;432;28/10/2025 14:42
426;433;28/10/2025 14:42
427;434;28/10/2025 15:03
428;435;28/10/2025 15:03
429;436;28/10/2025 15:03
430;437;28/10/2025 15:03
431;438;28/10/2025 15:03
432;439;28/10/2025 15:03
433;440;28/10/2025 15:03
434;441;28/10/2025 15:10
435;442;28/10/2025 15:10
436;443;28/10/2025 15:10
437;444;28/10/2025 15:10
438;445;28/10/2025 15:10
439;446;28/10/2025 15:10
440;447;28/10/2025 15:10
441;448;28/10/2025 15:10
442;449;28/10/2025 15:10
443;450;28/10/2025 15:10
444;451;28/10/2025 15:35
445;452;28/10/2025 15:35
446;453;28/10/2025 15:35
447;454;28/10/2025 15:35
448;455;28/10/2025 15:35
449;456;28/10/2025 15:35
450;457;28/10/2025 15:38
451;458;28/10/2025 15:38
452;459;28/10/2025 15:38
453;460;28/10/2025 15:38
454;461;28/10/2025 15:38
455;462;28/10/2025 15:38
456;463;28/10/2025 15:38
457;464;28/10/2025 15:38
458;465;28/10/2025 15:38
459;466;28/10/2025 15:38
460;467;28/10/2025 15:42
461;468;28/10/2025 15:45
462;469;28/10/2025 15:45
463;470;28/10/2025 15:45
464;471;28/10/2025 15:47
465;472;28/10/2025 16:58
466;473;28/10/2025 16:58
467;474;28/10/2025 16:58
468;475;28/10/2025 16:58
469;476;28/10/2025 16:58
470;477;28/10/2025 16:58
471;478;28/10/2025 16:58
472;479;28/10/2025 16:58
473;480;28/10/2025 16:58
474;481;28/10/2025 16:58
475;482;28/10/2025 16:58
476;483;28/10/2025 16:58
477;484;28/10/2025 16:58
478;485;28/10/2025 16:58
479;486;28/10/2025 16:58
480;487;28/10/2025 17:35
481;488;28/10/2025 17:35
482;489;28/10/2025 17:35
483;490;28/10/2025 17:35
484;491;28/10/2025 17:35
485;492;28/10/2025 17:37
486;493;28/10/2025 17:39
487;494;28/10/2025 17:39
488;495;28/10/2025 17:39
489;496;28/10/2025 17:39
490;497;28/10/2025 17:39
491;498;28/10/2025 18:00
492;499;28/10/2025 18:00
493;500;28/10/2025 18:00
494;501;28/10/2025 18:00
495;502;28/10/2025 18:00
496;503;28/10/2025 18:00
497;504;28/10/2025 18:00
498;505;28/10/2025 18:00
499;506;28/10/2025 18:00
500;507;28/10/2025 18:00
501;1;29/10/2025 15:11
502;2;29/10/2025 15:11
503;3;29/10/2025 15:11
504;4;29/10/2025 15:11
505;5;29/10/2025 15:11
506;6;29/10/2025 15:11
507;7;29/10/2025 15:22
508;8;29/10/2025 15:22
509;9;29/10/2025 15:22
510;10;29/10/2025 15:22
511;11;29/10/2025 15:22
512;12;29/10/2025 15:22
513;13;29/10/2025 15:22
514;14;29/10/2025 15:22
515;15;29/10/2025 15:32
516;16;29/10/2025 15:33
517;17;29/10/2025 15:34
518;18;29/10/2025 15:34
519;19;29/10/2025 15:34
520;20;29/10/2025 15:56
521;21;29/10/2025 15:56
522;22;29/10/2025 16:02
523;23;29/10/2025 16:02
524;24;29/10/2025 16:05
525;25;29/10/2025 16:05
526;26;29/10/2025 16:14
527;27;29/10/2025 16:14
528;28;29/10/2025 16:20
529;29;29/10/2025 16:27
530;30;29/10/2025 16:39
531;31;29/10/2025 16:39
532;32;29/10/2025 16:39
533;33;29/10/2025 16:39
534;34;29/10/2025 16:39
535;35;29/10/2025 16:39
536;36;29/10/2025 16:39
537;37;29/10/2025 16:52
538;38;29/10/2025 17:44
539;39;29/10/2025 17:44
540;40;29/10/2025 17:45
541;41;29/10/2025 17:45
542;42;29/10/2025 17:45
543;43;29/10/2025 17:47
544;44;29/10/2025 17:54
545;45;29/10/2025 17:54
546;46;29/10/2025 17:57
547;47;29/10/2025 17:58
548;48;29/10/2025 17:58
549;49;29/10/2025 17:58
550;50;29/10/2025 17:58
551;51;29/10/2025 17:58
552;52;29/10/2025 17:58
553;53;29/10/2025 17:58
554;54;29/10/2025 17:58
555;55;29/10/2025 17:58
556;56;29/10/2025 17:58
557;57;29/10/2025 17:58
558;58;29/10/2025 17:58
559;59;29/10/2025 17:58
560;60;29/10/2025 17:58
561;61;29/10/2025 17:58
562;62;29/10/2025 17:58
563;63;29/10/2025 17:59
564;64;29/10/2025 17:59
565;65;29/10/2025 17:59
566;66;29/10/2025 17:59
567;67;29/10/2025 17:59
568;68;29/10/2025 17:59
569;69;29/10/2025 17:59
570;70;29/10/2025 17:59
571;71;29/10/2025 17:59
572;72;29/10/2025 17:59
573;73;29/10/2025 17:59
574;74;29/10/2025 17:59
575;75;29/10/2025 17:59
576;76;29/10/2025 18:00
577;77;29/10/2025 18:01
578;78;29/10/2025 18:08
579;79;29/10/2025 18:08
580;80;29/10/2025 18:13
581;81;29/10/2025 18:13
582;82;29/10/2025 18:13
583;83;29/10/2025 18:13
584;84;29/10/2025 18:14
585;85;29/10/2025 18:14
586;86;29/10/2025 18:14
587;87;29/10/2025 18:56
588;88;29/10/2025 18:56
589;89;29/10/2025 18:56
590;90;29/10/2025 18:56
591;91;29/10/2025 19:03
592;92;29/10/2025 19:03
593;93;29/10/2025 19:03
594;94;29/10/2025 19:03
595;95;29/10/2025 19:05
596;96;29/10/2025 19:05
597;97;29/10/2025 19:05
598;98;29/10/2025 19:09
599;99;29/10/2025 19:09
600;100;29/10/2025 19:13
601;101;29/10/2025 19:15
602;102;29/10/2025 19:20
603;103;29/10/2025 19:20
604;104;29/10/2025 19:20
605;105;29/10/2025 19:23
606;106;29/10/2025 19:26
607;107;29/10/2025 19:35
608;108;29/10/2025 19:35
609;109;29/10/2025 19:38
610;110;29/10/2025 19:40
611;111;29/10/2025 19:46
612;112;29/10/2025 19:46
613;113;29/10/2025 19:46
614;114;29/10/2025 19:46
615;115;29/10/2025 19:46
616;116;29/10/2025 19:46
617;117;29/10/2025 19:47
618;118;29/10/2025 19:53
619;119;29/10/2025 19:53
620;120;29/10/2025 19:54
621;121;29/10/2025 19:54
622;122;29/10/2025 19:54
623;123;29/10/2025 20:04
624;124;29/10/2025 20:06
625;125;29/10/2025 20:06
626;126;29/10/2025 20:06
627;127;29/10/2025 20:06
628;128;29/10/2025 20:08
629;129;29/10/2025 20:09
630;130;29/10/2025 20:09
631;131;29/10/2025 20:12
632;132;29/10/2025 20:13
633;133;29/10/2025 20:46
634;134;29/10/2025 20:47
635;135;29/10/2025 20:47
636;136;29/10/2025 20:47
637;137;29/10/2025 20:49
638;138;29/10/2025 20:49
639;139;29/10/2025 20:49
640;140;29/10/2025 20:51
641;141;29/10/2025 20:54
642;142;29/10/2025 21:23
643;143;29/10/2025 21:28
644;144;29/10/2025 21:28
645;145;29/10/2025 21:28
646;146;29/10/2025 21:28
647;147;29/10/2025 21:43
648;148;29/10/2025 21:43
649;149;29/10/2025 21:43
650;150;29/10/2025 21:43
651;151;29/10/2025 21:43
652;152;29/10/2025 21:43
653;153;29/10/2025 21:43
654;2;30/10/2025 10:02
655;3;30/10/2025 10:03
656;4;30/10/2025 10:03
657;5;30/10/2025 10:03
658;6;30/10/2025 10:03
659;7;30/10/2025 10:03
660;8;30/10/2025 10:03
661;9;30/10/2025 10:03
662;10;30/10/2025 10:26
663;11;30/10/2025 10:26
664;12;30/10/2025 10:43
665;13;30/10/2025 11:03
666;14;30/10/2025 11:03
667;15;30/10/2025 11:03
668;16;30/10/2025 12:05
669;17;30/10/2025 12:05
670;18;30/10/2025 12:05
671;19;30/10/2025 12:23
672;20;30/10/2025 12:23
673;21;30/10/2025 12:23
674;22;30/10/2025 13:39
675;23;30/10/2025 13:39
676;24;30/10/2025 13:39
677;25;30/10/2025 13:57
678;26;30/10/2025 13:57
679;27;30/10/2025 13:57
680;28;30/10/2025 13:57
681;29;30/10/2025 14:02
682;30;30/10/2025 14:02
683;31;30/10/2025 14:23
684;32;30/10/2025 14:23
685;33;30/10/2025 14:23
686;34;30/10/2025 14:23
687;35;30/10/2025 14:33
688;36;30/10/2025 14:33
689;37;30/10/2025 14:59
690;38;30/10/2025 14:59
691;39;30/10/2025 14:59
692;40;30/10/2025 14:59
693;41;30/10/2025 14:59
694;42;30/10/2025 14:59
695;43;30/10/2025 15:12
696;44;30/10/2025 15:12
697;45;30/10/2025 15:13
698;46;30/10/2025 15:43
699;47;30/10/2025 15:43
700;48;30/10/2025 15:50
701;49;30/10/2025 15:50
702;50;30/10/2025 15:50
703;51;30/10/2025 16:04
704;52;30/10/2025 16:04
705;53;30/10/2025 16:04
706;54;30/10/2025 16:18
707;55;30/10/2025 16:18
708;56;30/10/2025 16:35
709;57;30/10/2025 16:35
710;58;30/10/2025 16:35
711;59;30/10/2025 16:46
712;60;30/10/2025 16:46
713;61;30/10/2025 16:46
714;62;30/10/2025 16:50
715;63;30/10/2025 16:53
716;64;30/10/2025 16:54
717;65;30/10/2025 16:55
718;66;30/10/2025 16:55
719;67;30/10/2025 17:11
720;68;30/10/2025 17:11
721;69;30/10/2025 17:11
722;70;30/10/2025 17:11
723;71;30/10/2025 17:11
724;72;30/10/2025 17:18
725;73;30/10/2025 17:18
726;74;30/10/2025 17:19
727;75;30/10/2025 17:19
728;76;30/10/2025 17:19
729;77;30/10/2025 17:20
730;78;30/10/2025 17:20
731;79;30/10/2025 17:20
732;80;30/10/2025 17:20
733;81;30/10/2025 17:20
735;2;04/11/2025 15:40
736;3;04/11/2025 15:40
737;4;04/11/2025 15:40
738;5;04/11/2025 15:40
739;6;04/11/2025 15:42
740;7;04/11/2025 15:42
741;8;04/11/2025 15:42
742;9;04/11/2025 15:43
743;10;04/11/2025 15:43
744;11;04/11/2025 15:44
745;12;04/11/2025 15:44
746;13;04/11/2025 15:44
747;14;04/11/2025 15:44
748;15;04/11/2025 15:44
749;16;04/11/2025 15:44
750;17;04/11/2025 15:44
751;18;04/11/2025 15:46
752;19;04/11/2025 15:47
753;20;04/11/2025 16:07
754;21;04/11/2025 16:07
755;22;04/11/2025 16:07
756;23;04/11/2025 16:10
757;24;04/11/2025 16:33
758;25;04/11/2025 16:33
759;26;04/11/2025 16:33
760;27;04/11/2025 16:35
761;28;04/11/2025 16:40
762;29;04/11/2025 16:40
763;30;04/11/2025 16:43
764;31;04/11/2025 16:49
765;32;04/11/2025 16:57
766;33;04/11/2025 16:58
767;34;04/11/2025 17:01
768;35;04/11/2025 17:09
769;36;04/11/2025 17:09
770;37;04/11/2025 17:09
771;38;04/11/2025 17:09
772;39;04/11/2025 17:09
773;40;04/11/2025 17:09
774;41;04/11/2025 17:09
775;42;04/11/2025 17:09
776;43;04/11/2025 17:09
777;44;04/11/2025 17:09
778;45;04/11/2025 17:09
779;46;04/11/2025 17:09
780;47;04/11/2025 17:09
781;48;04/11/2025 17:09
782;49;04/11/2025 17:10
783;50;04/11/2025 17:10
784;51;04/11/2025 17:13
785;52;04/11/2025 17:13
786;53;04/11/2025 17:13
787;54;04/11/2025 17:13
788;55;04/11/2025 17:13
789;56;04/11/2025 17:13
790;57;04/11/2025 17:13
791;58;04/11/2025 17:13
792;59;04/11/2025 17:13
793;60;04/11/2025 17:13
794;61;04/11/2025 17:13
795;62;04/11/2025 17:13
796;63;04/11/2025 17:13
797;64;04/11/2025 17:13
798;65;04/11/2025 17:13
799;66;04/11/2025 17:13
800;67;04/11/2025 17:13
801;68;04/11/2025 17:13
802;69;04/11/2025 17:13
803;70;04/11/2025 17:13
804;71;04/11/2025 17:13
805;72;04/11/2025 17:13
806;73;04/11/2025 17:13
807;74;04/11/2025 17:13
808;75;04/11/2025 17:13
809;76;04/11/2025 17:13
810;77;04/11/2025 17:13
811;78;04/11/2025 17:13
812;79;04/11/2025 17:13
813;80;04/11/2025 17:13
814;81;04/11/2025 17:13
815;82;04/11/2025 17:14
816;83;04/11/2025 17:14
817;84;04/11/2025 17:14
818;85;04/11/2025 17:14
819;86;04/11/2025 17:14
820;87;04/11/2025 17:14
821;88;04/11/2025 17:14
822;89;04/11/2025 17:37
823;90;04/11/2025 17:37
824;91;04/11/2025 17:38
825;92;04/11/2025 17:38
826;93;04/11/2025 17:39
827;94;04/11/2025 17:41
828;95;04/11/2025 17:47
829;96;04/11/2025 17:47
830;97;04/11/2025 17:53
831;98;04/11/2025 17:53
832;99;04/11/2025 17:53
833;100;04/11/2025 17:57
834;101;04/11/2025 17:58
835;102;04/11/2025 17:58
836;103;04/11/2025 17:58
837;104;04/11/2025 17:58
838;105;04/11/2025 17:58
839;106;04/11/2025 17:58
840;107;04/11/2025 17:58
841;108;04/11/2025 17:58
842;109;04/11/2025 17:59
843;110;04/11/2025 17:59
844;111;04/11/2025 17:59
845;112;04/11/2025 17:59
846;113;04/11/2025 17:59
847;114;04/11/2025 17:59
848;115;04/11/2025 17:59
849;116;04/11/2025 17:59
850;117;04/11/2025 18:00
851;118;04/11/2025 18:36
852;119;04/11/2025 18:36
853;120;04/11/2025 18:36
854;121;04/11/2025 18:36
855;122;04/11/2025 18:36
856;123;04/11/2025 18:38
857;124;04/11/2025 18:43
858;125;04/11/2025 18:43
859;126;04/11/2025 18:43
860;127;04/11/2025 18:43
861;128;04/11/2025 19:02
862;129;04/11/2025 19:56
863;130;04/11/2025 19:56
864;131;04/11/2025 19:56
865;132;04/11/2025 19:56
866;133;04/11/2025 19:56
867;134;04/11/2025 19:56
868;135;04/11/2025 20:05
869;136;04/11/2025 20:05
870;137;04/11/2025 20:05
871;138;04/11/2025 20:05
872;139;04/11/2025 20:05
873;140;04/11/2025 20:05
874;141;04/11/2025 20:06
875;142;04/11/2025 20:07
876;143;04/11/2025 20:07
877;144;04/11/2025 20:07
878;145;04/11/2025 20:07
879;146;04/11/2025 20:07
880;147;04/11/2025 20:08
881;148;04/11/2025 20:08
882;149;04/11/2025 20:44
883;150;04/11/2025 21:26
884;151;04/11/2025 21:26
885;152;04/11/2025 21:26
886;153;04/11/2025 21:26
887;154;04/11/2025 21:34
888;1;06/11/2025 15:39
889;2;06/11/2025 15:39
890;3;06/11/2025 15:39
891;4;06/11/2025 15:39
892;5;06/11/2025 15:39
893;6;06/11/2025 15:39
894;7;06/11/2025 16:22
895;8;06/11/2025 16:22
896;9;06/11/2025 16:22
897;10;06/11/2025 16:22
898;11;06/11/2025 16:22
899;12;06/11/2025 16:53
900;13;06/11/2025 17:08
901;14;06/11/2025 17:08
902;15;06/11/2025 17:08
903;16;06/11/2025 17:25
904;17;06/11/2025 17:25
905;18;06/11/2025 17:25
906;19;06/11/2025 17:34
907;20;06/11/2025 17:38
908;21;06/11/2025 17:38
909;22;06/11/2025 17:38
910;23;06/11/2025 17:38
911;24;06/11/2025 17:38
912;25;06/11/2025 17:38
913;26;06/11/2025 17:38
914;27;06/11/2025 17:38
915;28;06/11/2025 17:38
916;29;06/11/2025 17:38
917;30;06/11/2025 17:39
918;31;06/11/2025 17:39
919;32;06/11/2025 17:39
920;33;06/11/2025 17:39
921;34;06/11/2025 17:39
922;35;06/11/2025 17:39
923;36;06/11/2025 17:39
924;37;06/11/2025 17:39
925;38;06/11/2025 17:39
926;39;06/11/2025 17:39
927;40;06/11/2025 17:39
928;41;06/11/2025 17:39
929;42;06/11/2025 17:39
930;43;06/11/2025 17:39
931;44;06/11/2025 17:39
932;45;06/11/2025 17:39
933;46;06/11/2025 17:39
934;47;06/11/2025 17:39
935;48;06/11/2025 17:39
936;49;06/11/2025 17:39
937;50;06/11/2025 17:39
938;51;06/11/2025 17:39
939;52;06/11/2025 17:39
940;53;06/11/2025 17:39
941;54;06/11/2025 17:39
942;55;06/11/2025 17:39
943;56;06/11/2025 17:39
944;57;06/11/2025 17:39
945;58;06/11/2025 17:39
946;59;06/11/2025 17:39
947;60;06/11/2025 17:39
948;61;06/11/2025 17:39
949;62;06/11/2025 17:39
950;63;06/11/2025 17:39
951;64;06/11/2025 17:39
952;65;06/11/2025 17:39
953;66;06/11/2025 17:39
954;67;06/11/2025 17:40
955;68;06/11/2025 17:40
956;69;06/11/2025 17:40
957;70;06/11/2025 17:40
958;71;06/11/2025 17:40
959;72;06/11/2025 17:40
960;73;06/11/2025 17:40
961;74;06/11/2025 17:40
962;75;06/11/2025 17:40
963;76;06/11/2025 17:40
964;77;06/11/2025 17:40
965;78;06/11/2025 17:40
966;79;06/11/2025 17:40
967;80;06/11/2025 17:40
968;81;06/11/2025 17:40
969;82;06/11/2025 17:40
970;83;06/11/2025 17:40
971;84;06/11/2025 17:40
972;85;06/11/2025 17:40
973;86;06/11/2025 17:40
974;87;06/11/2025 17:40
975;88;06/11/2025 17:40
976;89;06/11/2025 17:40
977;90;06/11/2025 17:40
978;91;06/11/2025 17:40
979;92;06/11/2025 17:40
980;93;06/11/2025 17:40
981;94;06/11/2025 17:40
982;95;06/11/2025 17:40
983;96;06/11/2025 17:40
984;97;06/11/2025 17:40
985;98;06/11/2025 17:40
986;99;06/11/2025 17:40
987;100;06/11/2025 17:40
988;101;06/11/2025 17:40
989;102;06/11/2025 17:40
990;103;06/11/2025 17:40
991;104;06/11/2025 17:40
992;105;06/11/2025 17:40
993;106;06/11/2025 17:40
994;107;06/11/2025 17:40
995;108;06/11/2025 17:40
996;109;06/11/2025 17:40
997;110;06/11/2025 17:40
998;111;06/11/2025 17:40
999;112;06/11/2025 17:40
1000;113;06/11/2025 17:40
1001;114;06/11/2025 17:40
1002;115;06/11/2025 17:40
1003;116;06/11/2025 17:40
1004;117;06/11/2025 17:40
1005;118;06/11/2025 17:40
1006;119;06/11/2025 17:40
1007;120;06/11/2025 17:40
1008;121;06/11/2025 17:40
1009;122;06/11/2025 17:40
1010;123;06/11/2025 17:40
1011;124;06/11/2025 17:40
1012;125;06/11/2025 17:40
1013;126;06/11/2025 17:40
1014;127;06/11/2025 17:40
1015;128;06/11/2025 17:40
1016;129;06/11/2025 17:40
1017;130;06/11/2025 17:40
1018;131;06/11/2025 17:40
1019;132;06/11/2025 17:40
1020;133;06/11/2025 17:40
1021;134;06/11/2025 17:40
1022;135;06/11/2025 17:40
1023;136;06/11/2025 17:40
1024;137;06/11/2025 17:40
1025;138;06/11/2025 17:40
1026;139;06/11/2025 17:40
1027;140;06/11/2025 17:40
1028;141;06/11/2025 17:40
1029;142;06/11/2025 17:40
1030;143;06/11/2025 17:40
1031;144;06/11/2025 17:40
1032;145;06/11/2025 17:40
1033;146;06/11/2025 17:40
1034;147;06/11/2025 17:41
1035;148;06/11/2025 17:41
1036;149;06/11/2025 17:41
1037;150;06/11/2025 17:41
1038;151;06/11/2025 17:41
1039;152;06/11/2025 17:41
1040;153;06/11/2025 17:41
1041;154;06/11/2025 17:41
1042;155;06/11/2025 17:41
1043;156;06/11/2025 17:41
1044;157;06/11/2025 17:41
1045;158;06/11/2025 17:41
1046;159;06/11/2025 17:41
1047;160;06/11/2025 17:41
1048;161;06/11/2025 17:41
1049;162;06/11/2025 17:41
1050;163;06/11/2025 17:41
1051;164;06/11/2025 17:41
1052;165;06/11/2025 17:41
1053;166;06/11/2025 17:41
1054;167;06/11/2025 17:41
1055;168;06/11/2025 17:41
1056;169;06/11/2025 17:41
1057;170;06/11/2025 17:41
1058;171;06/11/2025 17:41
1059;172;06/11/2025 17:41
1060;173;06/11/2025 18:17
1061;174;06/11/2025 18:26
1062;175;06/11/2025 18:26
1063;176;06/11/2025 18:27
1064;177;06/11/2025 18:27
1065;178;06/11/2025 18:27
1066;179;06/11/2025 18:27
1067;180;06/11/2025 18:28
1068;181;06/11/2025 18:28
1069;182;06/11/2025 18:28
1070;183;06/11/2025 18:28
1071;184;06/11/2025 18:28
1072;185;06/11/2025 18:28
1073;186;06/11/2025 18:28
1074;187;06/11/2025 18:31
1075;188;06/11/2025 18:31
1076;189;06/11/2025 18:31
1077;190;06/11/2025 18:32
1078;191;06/11/2025 18:32
1079;192;06/11/2025 18:32
1080;193;06/11/2025 18:32
1081;194;06/11/2025 18:32
1082;195;06/11/2025 18:33
1083;196;06/11/2025 18:33
1084;197;06/11/2025 18:33
1085;198;06/11/2025 18:33
1086;199;06/11/2025 18:34
1087;200;06/11/2025 18:34
1088;201;06/11/2025 18:34
1089;202;06/11/2025 18:34
1090;203;06/11/2025 18:34
1091;204;06/11/2025 18:34
1092;205;06/11/2025 18:34
1093;206;06/11/2025 18:34
1094;207;06/11/2025 18:34
1095;208;06/11/2025 18:34
1096;209;06/11/2025 18:35
1097;210;06/11/2025 18:35
1098;211;06/11/2025 18:35
1099;212;06/11/2025 18:35
1100;213;06/11/2025 18:35
1101;214;06/11/2025 18:35
1102;215;06/11/2025 18:35
1103;216;06/11/2025 18:35
1104;217;06/11/2025 18:35
1105;218;06/11/2025 18:36
1106;219;06/11/2025 18:36
1107;220;06/11/2025 18:36
1108;221;06/11/2025 18:36
1109;222;06/11/2025 18:36
1110;223;06/11/2025 18:36
1111;224;06/11/2025 18:36
1112;225;06/11/2025 18:36
1113;226;06/11/2025 18:36
1114;227;06/11/2025 18:36
1115;228;06/11/2025 18:37
1116;229;06/11/2025 18:37
1117;230;06/11/2025 18:37
1118;231;06/11/2025 18:37
1119;232;06/11/2025 18:37
1120;233;06/11/2025 18:37
1121;234;06/11/2025 18:39
1122;235;06/11/2025 18:39
1123;236;06/11/2025 18:40
1124;237;06/11/2025 18:40
1125;238;06/11/2025 18:40
1126;239;06/11/2025 18:41
1127;240;06/11/2025 18:41
1128;241;06/11/2025 18:41
1129;242;06/11/2025 18:41
1130;243;06/11/2025 18:41
1131;244;06/11/2025 18:41
1132;245;06/11/2025 18:41
1133;246;06/11/2025 18:41
1134;247;06/11/2025 18:41
1135;248;06/11/2025 18:41
1136;249;06/11/2025 18:41
1137;250;06/11/2025 18:41
1138;251;06/11/2025 18:41
1139;252;06/11/2025 18:41
1140;253;06/11/2025 18:41
1141;254;06/11/2025 18:41
1142;255;06/11/2025 18:41
1143;256;06/11/2025 18:41
1144;257;06/11/2025 18:41
1145;258;06/11/2025 18:41
1146;259;06/11/2025 18:41
1147;260;06/11/2025 18:41
1148;261;06/11/2025 18:41
1149;262;06/11/2025 18:41
1150;263;06/11/2025 18:41
1151;264;06/11/2025 18:41
1152;265;06/11/2025 18:41
1153;266;06/11/2025 18:41
1154;267;06/11/2025 18:42
1155;268;06/11/2025 18:42
1156;269;06/11/2025 18:42
1157;270;06/11/2025 18:42
1158;271;06/11/2025 18:42
1159;272;06/11/2025 18:42
1160;273;06/11/2025 18:42
1161;274;06/11/2025 18:42
1162;275;06/11/2025 18:42
1163;276;06/11/2025 18:43
1164;277;06/11/2025 18:43
1165;278;06/11/2025 18:43
1166;279;06/11/2025 18:43
1167;280;06/11/2025 18:43
1168;281;06/11/2025 18:43
1169;282;06/11/2025 18:43
1170;283;06/11/2025 18:43
1171;284;06/11/2025 18:43
1172;285;06/11/2025 18:43
1173;286;06/11/2025 18:43
1174;287;06/11/2025 18:43
1175;288;06/11/2025 18:43
1176;289;06/11/2025 18:43
1177;290;06/11/2025 18:43
1178;291;06/11/2025 18:43
1179;292;06/11/2025 18:43
1180;293;06/11/2025 18:43
1181;294;06/11/2025 18:44
1182;295;06/11/2025 18:44
1183;296;06/11/2025 18:44
1184;297;06/11/2025 18:44
1185;298;06/11/2025 18:44
1186;299;06/11/2025 18:44
1187;300;06/11/2025 18:44
1188;301;06/11/2025 18:44
1189;302;06/11/2025 18:48
1190;303;06/11/2025 18:48
1191;304;06/11/2025 18:48
1192;305;06/11/2025 18:48
1193;306;06/11/2025 18:48
1194;307;06/11/2025 18:49
1195;308;06/11/2025 18:49
1196;309;06/11/2025 18:49
1197;310;06/11/2025 18:49
1198;311;06/11/2025 18:49
1199;312;06/11/2025 18:49
1200;313;06/11/2025 18:49
1201;314;06/11/2025 18:49
1202;315;06/11/2025 18:49
1203;316;06/11/2025 18:49
1204;317;06/11/2025 18:49
1205;318;06/11/2025 18:49
1206;319;06/11/2025 18:49
1207;320;06/11/2025 18:50
1208;321;06/11/2025 18:50
1209;322;06/11/2025 18:50
1210;323;06/11/2025 18:50
1211;324;06/11/2025 18:50
1212;325;06/11/2025 18:50
1213;326;06/11/2025 18:51
1214;327;06/11/2025 18:51
1215;328;06/11/2025 18:51
1216;329;06/11/2025 18:51
1217;330;06/11/2025 18:51
1218;331;06/11/2025 18:51
1219;332;06/11/2025 18:51
1220;333;06/11/2025 18:51
1221;334;06/11/2025 18:51
1222;335;06/11/2025 18:52
1223;336;06/11/2025 18:52
1224;337;06/11/2025 18:52
1225;338;06/11/2025 18:52
1226;339;06/11/2025 18:52
1227;340;06/11/2025 18:52
1228;341;06/11/2025 18:52
1229;342;06/11/2025 18:52
1230;343;06/11/2025 18:53
1231;344;06/11/2025 18:53
1232;345;06/11/2025 18:53
1233;346;06/11/2025 18:53
1234;347;06/11/2025 18:53
1235;348;06/11/2025 18:53
1236;349;06/11/2025 18:53
1237;350;06/11/2025 18:53
1238;351;06/11/2025 18:53
1239;352;06/11/2025 18:53
1240;353;06/11/2025 18:53
1241;354;06/11/2025 18:53
1242;355;06/11/2025 18:53
1243;356;06/11/2025 18:54
1244;357;06/11/2025 18:54
1245;358;06/11/2025 18:54
1246;359;06/11/2025 18:55
1247;360;06/11/2025 18:56
1248;361;06/11/2025 18:56
1249;362;06/11/2025 18:56
1250;363;06/11/2025 18:56
1251;364;06/11/2025 18:56
1252;365;06/11/2025 18:56
1253;366;06/11/2025 18:56
1254;367;06/11/2025 18:57
1255;368;06/11/2025 18:57
1256;369;06/11/2025 18:58
1257;370;06/11/2025 18:58
1258;371;06/11/2025 18:58
1259;372;06/11/2025 18:58
1260;373;06/11/2025 18:59
1261;374;06/11/2025 18:59
1262;375;06/11/2025 19:00
1263;376;06/11/2025 19:00
1264;377;06/11/2025 19:00
1265;378;06/11/2025 19:00
1266;379;06/11/2025 19:00
1267;380;06/11/2025 19:00
1268;381;06/11/2025 19:00
1269;382;06/11/2025 19:00
1270;383;06/11/2025 19:00
1271;384;06/11/2025 19:00
1272;385;06/11/2025 19:05
1273;386;06/11/2025 19:05
1274;387;06/11/2025 19:07
1275;388;06/11/2025 19:09
1276;389;06/11/2025 19:09
1277;390;06/11/2025 19:09
1278;391;06/11/2025 19:09
1279;392;06/11/2025 19:09
1280;393;06/11/2025 19:09
1281;394;06/11/2025 19:09
1282;395;06/11/2025 19:09
1283;396;06/11/2025 19:10
1284;397;06/11/2025 19:10
1285;398;06/11/2025 19:10
1286;399;06/11/2025 19:10
1287;400;06/11/2025 19:10
1288;401;06/11/2025 19:10
1289;402;06/11/2025 19:11
1290;403;06/11/2025 19:11
1291;404;06/11/2025 19:11
1292;405;06/11/2025 19:11
1293;406;06/11/2025 19:12
1294;407;06/11/2025 19:12
1295;408;06/11/2025 19:12
1296;409;06/11/2025 19:12
1297;410;06/11/2025 19:14
1298;411;06/11/2025 19:15
1299;412;06/11/2025 19:15
1300;413;06/11/2025 19:15
1301;414;06/11/2025 19:15
1302;415;06/11/2025 19:15
1303;416;06/11/2025 19:15
1304;417;06/11/2025 19:16
1305;418;06/11/2025 19:16
1306;419;06/11/2025 19:16
1307;420;06/11/2025 19:16
1308;421;06/11/2025 19:16
1309;422;06/11/2025 19:16
1310;423;06/11/2025 19:16
1311;424;06/11/2025 19:16
1312;425;06/11/2025 19:17
1313;426;06/11/2025 19:17
1314;427;06/11/2025 19:17
1315;428;06/11/2025 19:17
1316;429;06/11/2025 19:17
1317;430;06/11/2025 19:17
1318;431;06/11/2025 19:17
1319;432;06/11/2025 19:17
1320;433;06/11/2025 19:17
1321;434;06/11/2025 19:17
1322;435;06/11/2025 19:17
1323;436;06/11/2025 19:17
1324;437;06/11/2025 19:18
1325;438;06/11/2025 19:18
1326;439;06/11/2025 19:18
1327;440;06/11/2025 19:18
1328;441;06/11/2025 19:18
1329;442;06/11/2025 19:18
1330;443;06/11/2025 19:18
1331;444;06/11/2025 19:18
1332;445;06/11/2025 19:18
1333;446;06/11/2025 19:18
1334;447;06/11/2025 19:18
1335;448;06/11/2025 19:18
1336;449;06/11/2025 19:18
1337;450;06/11/2025 19:19
1338;451;06/11/2025 19:19
1339;452;06/11/2025 19:19
1340;453;06/11/2025 19:19
1341;454;06/11/2025 19:19
1342;455;06/11/2025 19:19
1343;456;06/11/2025 19:29
1344;457;06/11/2025 19:29
1345;458;06/11/2025 19:29
1346;459;06/11/2025 19:29
1347;460;06/11/2025 19:29
1348;461;06/11/2025 19:30
1349;462;06/11/2025 19:30
1350;463;06/11/2025 19:30
1351;464;06/11/2025 19:30
1352;465;06/11/2025 19:30
1353;466;06/11/2025 19:37
1354;467;06/11/2025 19:42
1355;468;06/11/2025 19:42
1356;469;06/11/2025 19:43
1357;470;06/11/2025 19:43
1358;471;06/11/2025 19:43
1359;472;06/11/2025 19:43
1360;473;06/11/2025 19:43
1361;474;06/11/2025 19:43
1362;475;06/11/2025 19:44
1363;476;06/11/2025 19:44
1364;477;06/11/2025 19:44
1365;478;06/11/2025 19:44
1366;479;06/11/2025 19:44
1367;480;06/11/2025 19:44
1368;481;06/11/2025 19:44
1369;482;06/11/2025 19:44
1370;483;06/11/2025 19:44
1371;484;06/11/2025 19:44
1372;485;06/11/2025 19:45
1373;486;06/11/2025 19:45
1374;487;06/11/2025 19:45
1375;488;06/11/2025 19:45
1376;489;06/11/2025 19:45
1377;490;06/11/2025 19:45
1378;491;06/11/2025 19:45
1379;492;06/11/2025 19:45
1380;493;06/11/2025 19:45
1381;494;06/11/2025 19:45
1382;495;06/11/2025 19:46
1383;496;06/11/2025 19:46
1384;497;06/11/2025 19:46
1385;498;06/11/2025 19:46
1386;499;06/11/2025 19:46
1387;500;06/11/2025 19:47
1388;501;06/11/2025 19:47
1389;502;06/11/2025 19:47
1390;503;06/11/2025 19:47
1391;504;06/11/2025 19:47
1392;505;06/11/2025 19:47
1393;506;06/11/2025 19:47
1394;507;06/11/2025 19:47
1395;508;06/11/2025 19:47
1396;509;06/11/2025 19:48
1397;510;06/11/2025 19:49
1398;511;06/11/2025 19:49
1399;512;06/11/2025 19:49
1400;513;06/11/2025 19:50
1401;514;06/11/2025 19:50
1402;515;06/11/2025 19:50
1403;516;06/11/2025 19:50
1404;517;06/11/2025 19:50
1405;518;06/11/2025 19:50
1406;519;06/11/2025 19:50
1407;520;06/11/2025 19:51
1408;521;06/11/2025 19:51
1409;522;06/11/2025 19:51
1410;523;06/11/2025 19:51
1411;524;06/11/2025 19:51
1412;525;06/11/2025 19:51
1413;526;06/11/2025 19:51
1414;527;06/11/2025 19:51
1415;528;06/11/2025 19:51
1416;529;06/11/2025 19:52
1417;530;06/11/2025 19:52
1418;531;06/11/2025 19:52
1419;532;06/11/2025 19:52
1420;533;06/11/2025 19:52
1421;534;06/11/2025 19:52
1422;535;06/11/2025 19:52
1423;536;06/11/2025 19:53
1424;537;06/11/2025 19:55
1425;538;06/11/2025 19:55
1426;539;06/11/2025 19:55
1427;540;06/11/2025 19:55
1428;541;06/11/2025 19:55
1429;542;06/11/2025 19:56
1430;543;06/11/2025 19:56
1431;544;06/11/2025 19:56
1432;545;06/11/2025 19:56
1433;546;06/11/2025 19:56
1434;547;06/11/2025 19:56
1435;548;06/11/2025 19:56
1436;549;06/11/2025 19:56
1437;550;06/11/2025 19:56
1438;551;06/11/2025 19:56
1439;552;06/11/2025 19:56
1440;553;06/11/2025 19:56
1441;554;06/11/2025 19:57
1442;555;06/11/2025 19:57
1443;556;06/11/2025 19:57
1444;557;06/11/2025 19:57
1445;558;06/11/2025 19:57
1446;559;06/11/2025 19:58
1447;560;06/11/2025 19:58
1448;561;06/11/2025 19:58
1449;562;06/11/2025 19:58
1450;563;06/11/2025 19:58
1451;564;06/11/2025 19:58
1452;565;06/11/2025 19:58
1453;566;06/11/2025 19:58
1454;567;06/11/2025 19:58
1455;568;06/11/2025 19:58
1456;569;06/11/2025 19:58
1457;570;06/11/2025 20:00
1458;571;06/11/2025 20:00
1459;572;06/11/2025 20:00
1460;573;06/11/2025 20:00
1461;574;06/11/2025 20:00
1462;575;06/11/2025 20:01
1463;576;06/11/2025 20:01
1464;577;06/11/2025 20:01
1465;578;06/11/2025 20:01
1466;579;06/11/2025 20:01
1467;580;06/11/2025 20:01
1468;581;06/11/2025 20:01
1469;582;06/11/2025 20:02
1470;2;07/11/2025 12:09
1471;3;07/11/2025 12:09
1472;4;07/11/2025 12:09
1473;5;07/11/2025 12:09
1474;6;07/11/2025 12:09
1475;7;07/11/2025 12:11
1476;8;07/11/2025 12:11
1477;9;07/11/2025 12:23
1478;10;07/11/2025 12:23
1479;11;07/11/2025 12:24
1480;12;07/11/2025 12:24
1481;13;07/11/2025 12:24
1482;14;07/11/2025 12:24
1483;15;07/11/2025 12:24
1484;16;07/11/2025 12:26
1485;17;07/11/2025 12:26
1486;18;07/11/2025 12:26
1487;19;07/11/2025 12:54
1488;20;07/11/2025 12:54
1489;21;07/11/2025 13:24
1490;22;07/11/2025 13:24
1491;23;07/11/2025 13:24
1492;24;07/11/2025 13:24
1493;25;07/11/2025 13:31
1494;26;07/11/2025 13:31
1495;27;07/11/2025 13:31
1496;28;07/11/2025 13:31
1497;29;07/11/2025 13:31
1498;30;07/11/2025 13:31
1499;31;07/11/2025 13:32
1500;32;07/11/2025 13:32
1501;33;07/11/2025 13:32
1502;34;07/11/2025 13:32
1503;35;07/11/2025 13:36
1504;36;07/11/2025 13:36
1505;37;07/11/2025 13:36
1506;38;07/11/2025 13:40
1507;39;07/11/2025 13:40
1508;40;07/11/2025 13:42
1509;41;07/11/2025 13:42
1510;42;07/11/2025 13:42
1511;43;07/11/2025 13:42
1512;44;07/11/2025 13:42
1513;45;07/11/2025 13:43
1514;46;07/11/2025 13:43
1515;47;07/11/2025 13:43
1516;48;07/11/2025 13:43
1517;49;07/11/2025 13:43
1518;50;07/11/2025 13:43
1519;51;07/11/2025 13:43
1520;52;07/11/2025 13:43
1521;53;07/11/2025 13:43
1522;54;07/11/2025 13:43
1523;55;07/11/2025 13:45
1524;56;07/11/2025 13:45
1525;57;07/11/2025 13:47
1526;58;07/11/2025 13:48
1527;59;07/11/2025 13:48
1528;60;07/11/2025 13:48
1529;61;07/11/2025 13:48
1530;62;07/11/2025 13:48
1531;63;07/11/2025 13:48
1532;64;07/11/2025 13:49
1533;65;07/11/2025 13:49
1534;66;07/11/2025 13:49
1535;67;07/11/2025 13:49
1536;68;07/11/2025 13:49
1537;69;07/11/2025 13:49
1538;70;07/11/2025 13:49
1539;71;07/11/2025 13:49
1540;72;07/11/2025 13:49
1541;73;07/11/2025 13:50
1542;74;07/11/2025 13:50
1543;75;07/11/2025 13:50
1544;76;07/11/2025 13:50
1545;77;07/11/2025 13:50
1546;78;07/11/2025 13:50
1547;79;07/11/2025 13:50
1548;80;07/11/2025 13:50
1549;81;07/11/2025 13:50
1550;82;07/11/2025 13:50
1551;83;07/11/2025 13:50
1552;84;07/11/2025 13:50
1553;85;07/11/2025 13:50
1554;86;07/11/2025 13:51
1555;87;07/11/2025 13:51
1556;88;07/11/2025 13:51
1557;89;07/11/2025 13:51
1558;90;07/11/2025 13:51
1559;91;07/11/2025 13:51
1560;92;07/11/2025 13:52
1561;93;07/11/2025 13:52
1562;94;07/11/2025 13:52
1563;95;07/11/2025 13:52
1564;96;07/11/2025 13:52
1565;97;07/11/2025 13:53
1566;98;07/11/2025 13:53
1567;99;07/11/2025 13:55
1568;100;07/11/2025 13:55
1569;101;07/11/2025 13:55
1570;102;07/11/2025 13:55
1571;103;07/11/2025 13:55
1572;104;07/11/2025 13:55
1573;105;07/11/2025 13:55
1574;106;07/11/2025 13:55
1575;107;07/11/2025 13:55
1576;108;07/11/2025 13:55
1577;109;07/11/2025 13:55
1578;110;07/11/2025 13:55
1579;111;07/11/2025 13:55
1580;112;07/11/2025 13:55
1581;113;07/11/2025 13:55
1582;114;07/11/2025 13:55
1583;115;07/11/2025 13:55
1584;116;07/11/2025 13:55
1585;117;07/11/2025 13:55
1586;118;07/11/2025 13:55
1587;119;07/11/2025 13:55
1588;120;07/11/2025 13:56
1589;121;07/11/2025 13:56
1590;122;07/11/2025 13:56
1591;123;07/11/2025 13:56
1592;124;07/11/2025 13:56
1593;125;07/11/2025 13:56
1594;126;07/11/2025 13:57
1595;127;07/11/2025 13:57
1596;128;07/11/2025 13:57
1597;129;07/11/2025 13:57
1598;130;07/11/2025 13:57
1599;131;07/11/2025 13:57
1600;132;07/11/2025 13:57
1601;133;07/11/2025 13:57
1602;134;07/11/2025 13:57
1603;135;07/11/2025 13:57
1604;136;07/11/2025 13:57
1605;137;07/11/2025 13:57
1606;138;07/11/2025 13:57
1607;139;07/11/2025 13:58
1608;140;07/11/2025 13:58
1609;141;07/11/2025 13:58
1610;142;07/11/2025 14:00
1611;143;07/11/2025 14:01
1612;144;07/11/2025 14:01
1613;145;07/11/2025 14:01
1614;146;07/11/2025 14:05
1615;147;07/11/2025 14:05
1616;148;07/11/2025 14:08
1617;149;07/11/2025 14:08
1618;150;07/11/2025 14:15
1619;151;07/11/2025 14:15
1620;152;07/11/2025 14:21
1621;153;07/11/2025 14:21
1622;154;07/11/2025 14:21
1623;155;07/11/2025 14:21
1624;156;07/11/2025 14:21
1625;157;07/11/2025 14:21
1626;158;07/11/2025 14:21
1627;159;07/11/2025 14:21
1628;160;07/11/2025 14:52
1629;161;07/11/2025 14:52
1630;162;07/11/2025 15:08
1631;163;07/11/2025 15:36
1632;164;07/11/2025 15:56
1633;165;07/11/2025 16:01
1634;166;07/11/2025 16:02
1635;167;07/11/2025 16:02
1636;168;07/11/2025 16:02
1637;169;07/11/2025 16:02
1638;170;07/11/2025 17:04
1639;171;07/11/2025 17:14
1640;172;07/11/2025 17:14
1641;173;07/11/2025 17:14
1642;174;07/11/2025 17:14
1643;175;07/11/2025 17:14
1644;176;07/11/2025 17:14
1645;177;07/11/2025 17:14
1646;178;07/11/2025 17:14
1647;179;07/11/2025 17:14
1648;180;07/11/2025 17:14
1649;181;07/11/2025 17:14
1650;182;07/11/2025 17:14
1651;183;07/11/2025 17:14
1652;184;07/11/2025 17:14
1653;185;07/11/2025 17:14
1654;186;07/11/2025 17:14
1655;187;07/11/2025 17:14
1656;188;07/11/2025 17:14
1657;189;07/11/2025 17:14
1658;190;07/11/2025 17:14
1659;191;07/11/2025 17:14
1660;192;07/11/2025 17:14
1661;193;07/11/2025 17:14
1662;194;07/11/2025 17:14
1663;195;07/11/2025 17:14
1664;196;07/11/2025 17:14
1665;197;07/11/2025 17:14
1666;198;07/11/2025 17:14
1667;199;07/11/2025 17:14
1668;200;07/11/2025 17:14
1669;201;07/11/2025 17:14
1670;202;07/11/2025 17:14
1671;203;07/11/2025 17:14
1672;204;07/11/2025 17:14
1673;205;07/11/2025 17:14
1674;206;07/11/2025 17:14
1675;207;07/11/2025 17:14
1676;208;07/11/2025 17:14
1677;209;07/11/2025 17:14
1678;210;07/11/2025 17:14
1679;211;07/11/2025 17:14
1680;212;07/11/2025 17:14
1681;213;07/11/2025 17:14
1682;214;07/11/2025 17:14
1683;215;07/11/2025 17:14
1684;216;07/11/2025 17:14
1685;217;07/11/2025 17:14
1686;218;07/11/2025 17:14
1687;219;07/11/2025 17:14
1688;220;07/11/2025 17:15
1689;221;07/11/2025 17:15
1690;222;07/11/2025 17:15
1691;223;07/11/2025 17:15
1692;224;07/11/2025 17:15
1693;225;07/11/2025 17:15
1694;226;07/11/2025 17:15
1695;227;07/11/2025 17:15
1696;228;07/11/2025 17:15
1697;229;07/11/2025 17:15
1698;230;07/11/2025 17:15
1699;231;07/11/2025 17:15
1700;232;07/11/2025 17:15
1701;233;07/11/2025 17:15
1702;234;07/11/2025 17:15
1703;235;07/11/2025 17:15
1704;236;07/11/2025 17:15
1705;237;07/11/2025 17:15
1706;238;07/11/2025 17:15
1707;239;07/11/2025 17:15
1708;240;07/11/2025 17:15
1709;241;07/11/2025 17:15
1710;242;07/11/2025 17:15
1711;243;07/11/2025 17:15
1712;244;07/11/2025 17:15
1713;245;07/11/2025 17:15
1714;246;07/11/2025 17:15
1715;247;07/11/2025 17:15
1716;248;07/11/2025 17:15
1717;249;07/11/2025 17:15
1718;250;07/11/2025 17:15
1719;251;07/11/2025 17:15
1720;252;07/11/2025 17:15
1721;253;07/11/2025 17:15
1722;254;07/11/2025 17:15
1723;255;07/11/2025 17:15
1724;256;07/11/2025 17:15
1725;257;07/11/2025 17:15
1726;258;07/11/2025 17:15
1727;259;07/11/2025 17:15
1728;260;07/11/2025 17:15
1729;261;07/11/2025 17:15
1730;262;07/11/2025 17:15
1731;263;07/11/2025 17:15
1732;264;07/11/2025 17:15
1733;265;07/11/2025 17:15
1734;266;07/11/2025 17:15
1735;267;07/11/2025 17:15
1736;268;07/11/2025 17:15
1737;269;07/11/2025 17:15
1738;270;07/11/2025 17:15
1739;271;07/11/2025 17:15
1740;272;07/11/2025 17:15
1741;273;07/11/2025 17:15
1742;274;07/11/2025 17:15
1743;275;07/11/2025 17:15
1744;276;07/11/2025 17:15
1745;277;07/11/2025 17:15
1746;278;07/11/2025 17:15
1747;279;07/11/2025 17:15
1748;280;07/11/2025 17:15
1749;281;07/11/2025 17:15
1750;282;07/11/2025 17:15
1751;283;07/11/2025 17:16
1752;284;07/11/2025 17:16
1753;285;07/11/2025 17:16
1754;286;07/11/2025 17:16
1755;287;07/11/2025 17:16
1756;288;07/11/2025 17:26
1757;289;07/11/2025 17:27
1758;290;07/11/2025 17:27
1759;291;07/11/2025 17:27
1760;292;07/11/2025 17:28
1761;293;07/11/2025 17:28
1762;294;07/11/2025 17:28
1763;295;07/11/2025 17:46
1764;296;07/11/2025 17:46
1765;297;07/11/2025 17:55
1766;298;07/11/2025 17:55
1767;299;07/11/2025 18:07
1768;300;07/11/2025 18:07
1769;301;07/11/2025 18:07
1770;302;07/11/2025 18:07
1771;303;07/11/2025 18:07
1772;304;07/11/2025 18:07
1773;305;07/11/2025 18:07
1774;306;07/11/2025 18:07
1775;307;07/11/2025 18:07
1776;308;07/11/2025 18:07
1777;309;07/11/2025 18:07
1778;310;07/11/2025 18:07
1779;311;07/11/2025 18:07
1780;312;07/11/2025 18:07
1781;313;07/11/2025 18:07
1782;314;07/11/2025 18:07
1783;315;07/11/2025 18:07
1784;316;07/11/2025 18:07
1785;317;07/11/2025 18:07
